INFO 2026-07-06 12:30:56,600 autoreload 17159 131800086200832 Watching for file changes with StatReloader
INFO 2026-07-06 12:31:29,834 autoreload 17159 131800086200832 /home/jiteshai-web/AccountsDashboard_backend/accounts/accounts/settings.py changed, reloading.
INFO 2026-07-06 12:31:30,285 autoreload 17275 136469113668096 Watching for file changes with StatReloader
INFO 2026-07-06 12:32:56,217 autoreload 17275 136469113668096 /home/jiteshai-web/AccountsDashboard_backend/accounts/accounts/settings.py changed, reloading.
INFO 2026-07-06 12:32:56,843 autoreload 17584 130170081718784 Watching for file changes with StatReloader
INFO 2026-07-06 12:37:21,559 autoreload 17963 136405355749888 Watching for file changes with StatReloader
INFO 2026-07-06 12:38:29,151 basehttp 17963 136404557362880 "OPTIONS /api/bank-accounts/ HTTP/1.1" 200 0
INFO 2026-07-06 12:38:29,151 basehttp 17963 136404548970176 "OPTIONS /api/bank-accounts/ HTTP/1.1" 200 0
INFO 2026-07-06 12:38:30,159 basehttp 17963 136404557362880 "GET /api/bank-accounts/ HTTP/1.1" 200 935
INFO 2026-07-06 12:38:31,063 basehttp 17963 136404557362880 "GET /api/bank-accounts/ HTTP/1.1" 200 935
INFO 2026-07-06 12:38:50,432 basehttp 17963 136404557362880 "OPTIONS /api/auth/logout/ HTTP/1.1" 200 0
INFO 2026-07-06 12:38:51,597 basehttp 17963 136404557362880 "POST /api/auth/logout/ HTTP/1.1" 200 39
INFO 2026-07-06 12:38:54,241 basehttp 17963 136404557362880 "OPTIONS /api/auth/login/ HTTP/1.1" 200 0
INFO 2026-07-06 12:38:55,172 basehttp 17963 136404557362880 "POST /api/auth/login/ HTTP/1.1" 200 651
INFO 2026-07-06 12:38:55,216 basehttp 17963 136404557362880 "OPTIONS /api/banks/init-company-folder/ HTTP/1.1" 200 0
INFO 2026-07-06 12:38:59,127 basehttp 17963 136404557362880 "POST /api/banks/init-company-folder/ HTTP/1.1" 200 389
INFO 2026-07-06 12:39:00,104 basehttp 17963 136404557362880 "GET /api/bank-accounts/ HTTP/1.1" 200 935
INFO 2026-07-06 12:39:01,013 basehttp 17963 136404557362880 "GET /api/bank-accounts/ HTTP/1.1" 200 935
INFO 2026-07-06 12:41:48,087 basehttp 17963 136404557362880 "OPTIONS /api/banks/ HTTP/1.1" 200 0
INFO 2026-07-06 12:41:48,088 basehttp 17963 136404548970176 "OPTIONS /api/banks/ HTTP/1.1" 200 0
WARNING 2026-07-06 12:41:48,093 log 17963 136404548970176 Not Found: /api/banks/
WARNING 2026-07-06 12:41:48,094 basehttp 17963 136404548970176 "GET /api/banks/ HTTP/1.1" 404 179
WARNING 2026-07-06 12:41:48,137 log 17963 136404548970176 Not Found: /api/banks/
WARNING 2026-07-06 12:41:48,138 basehttp 17963 136404548970176 "GET /api/banks/ HTTP/1.1" 404 179
INFO 2026-07-06 12:41:48,588 basehttp 17963 136404548970176 "OPTIONS /api/banks/search/?search= HTTP/1.1" 200 0
INFO 2026-07-06 12:41:49,462 basehttp 17963 136404548970176 "GET /api/banks/search/?search= HTTP/1.1" 200 3932
WARNING 2026-07-06 12:41:56,558 log 17963 136404548970176 Not Found: /api/banks/
WARNING 2026-07-06 12:41:56,558 basehttp 17963 136404548970176 "GET /api/banks/ HTTP/1.1" 404 179
WARNING 2026-07-06 12:41:56,561 log 17963 136404557362880 Not Found: /api/banks/
WARNING 2026-07-06 12:41:56,561 basehttp 17963 136404557362880 "GET /api/banks/ HTTP/1.1" 404 179
INFO 2026-07-06 12:41:57,614 basehttp 17963 136404557362880 "GET /api/bank-accounts/ HTTP/1.1" 200 935
INFO 2026-07-06 12:41:58,598 basehttp 17963 136404557362880 "GET /api/bank-accounts/ HTTP/1.1" 200 935
INFO 2026-07-06 12:44:27,472 basehttp 17963 136404557362880 "POST /api/auth/logout/ HTTP/1.1" 200 39
INFO 2026-07-06 12:44:45,858 basehttp 17963 136404557362880 "POST /api/auth/login/ HTTP/1.1" 200 651
INFO 2026-07-06 12:44:49,374 basehttp 17963 136404557362880 "POST /api/banks/init-company-folder/ HTTP/1.1" 200 389
INFO 2026-07-06 12:44:50,312 basehttp 17963 136404557362880 "GET /api/bank-accounts/ HTTP/1.1" 200 935
INFO 2026-07-06 12:44:51,143 basehttp 17963 136404557362880 "GET /api/bank-accounts/ HTTP/1.1" 200 935
INFO 2026-07-06 14:47:20,915 basehttp 17963 136404468233920 "OPTIONS /api/auth/logout/ HTTP/1.1" 200 0
INFO 2026-07-06 14:47:22,081 basehttp 17963 136404468233920 "POST /api/auth/logout/ HTTP/1.1" 200 39
INFO 2026-07-06 14:47:23,491 basehttp 17963 136404468233920 "OPTIONS /api/auth/login/ HTTP/1.1" 200 0
INFO 2026-07-06 14:47:24,761 basehttp 17963 136404468233920 "POST /api/auth/login/ HTTP/1.1" 200 651
INFO 2026-07-06 14:47:24,805 basehttp 17963 136404468233920 "OPTIONS /api/banks/init-company-folder/ HTTP/1.1" 200 0
INFO 2026-07-06 14:47:28,771 basehttp 17963 136404468233920 "POST /api/banks/init-company-folder/ HTTP/1.1" 200 389
INFO 2026-07-06 14:47:28,833 basehttp 17963 136404468233920 "OPTIONS /api/bank-accounts/ HTTP/1.1" 200 0
INFO 2026-07-06 14:47:28,834 basehttp 17963 136404459841216 "OPTIONS /api/bank-accounts/ HTTP/1.1" 200 0
INFO 2026-07-06 14:47:30,031 basehttp 17963 136404459841216 "GET /api/bank-accounts/ HTTP/1.1" 200 935
INFO 2026-07-06 14:47:30,919 basehttp 17963 136404459841216 "GET /api/bank-accounts/ HTTP/1.1" 200 935
INFO 2026-07-06 14:48:05,829 basehttp 17963 136404459841216 "OPTIONS /api/banks/ HTTP/1.1" 200 0
INFO 2026-07-06 14:48:05,830 basehttp 17963 136404468233920 "OPTIONS /api/banks/ HTTP/1.1" 200 0
WARNING 2026-07-06 14:48:05,835 log 17963 136404468233920 Not Found: /api/banks/
WARNING 2026-07-06 14:48:05,835 basehttp 17963 136404468233920 "GET /api/banks/ HTTP/1.1" 404 179
WARNING 2026-07-06 14:48:05,879 log 17963 136404468233920 Not Found: /api/banks/
WARNING 2026-07-06 14:48:05,879 basehttp 17963 136404468233920 "GET /api/banks/ HTTP/1.1" 404 179
INFO 2026-07-06 14:48:06,329 basehttp 17963 136404468233920 "OPTIONS /api/banks/search/?search= HTTP/1.1" 200 0
INFO 2026-07-06 14:48:07,088 basehttp 17963 136404468233920 "GET /api/banks/search/?search= HTTP/1.1" 200 3932
WARNING 2026-07-06 14:48:11,395 log 17963 136404468233920 Not Found: /api/banks/
WARNING 2026-07-06 14:48:11,396 basehttp 17963 136404468233920 "GET /api/banks/ HTTP/1.1" 404 179
WARNING 2026-07-06 14:48:11,398 log 17963 136404468233920 Not Found: /api/banks/
WARNING 2026-07-06 14:48:11,398 basehttp 17963 136404468233920 "GET /api/banks/ HTTP/1.1" 404 179
INFO 2026-07-06 14:48:12,685 basehttp 17963 136404468233920 "GET /api/banks/search/?search= HTTP/1.1" 200 3932
WARNING 2026-07-06 14:48:13,076 log 17963 136404468233920 Not Found: /api/banks/
WARNING 2026-07-06 14:48:13,076 basehttp 17963 136404468233920 "GET /api/banks/ HTTP/1.1" 404 179
WARNING 2026-07-06 14:48:13,079 log 17963 136404451448512 Not Found: /api/banks/
WARNING 2026-07-06 14:48:13,079 basehttp 17963 136404451448512 "GET /api/banks/ HTTP/1.1" 404 179
INFO 2026-07-06 14:48:13,108 basehttp 17963 136404459841216 "GET /api/bank-accounts/ HTTP/1.1" 200 935
INFO 2026-07-06 14:48:13,923 basehttp 17963 136404459841216 "GET /api/bank-accounts/ HTTP/1.1" 200 935
INFO 2026-07-06 14:48:14,326 basehttp 17963 136404451448512 "GET /api/banks/search/?search= HTTP/1.1" 200 3932
INFO 2026-07-06 14:48:15,815 basehttp 17963 136404451448512 "GET /api/bank-accounts/ HTTP/1.1" 200 935
INFO 2026-07-06 14:48:16,612 basehttp 17963 136404451448512 "GET /api/bank-accounts/ HTTP/1.1" 200 935
INFO 2026-07-06 15:00:00,654 tasks 26633 123239806460416 Checking for failed tasks...
INFO 2026-07-06 15:41:07,625 basehttp 17963 136404459841216 "GET /api/bank-accounts/ HTTP/1.1" 200 935
INFO 2026-07-06 15:41:08,467 basehttp 17963 136404459841216 "GET /api/bank-accounts/ HTTP/1.1" 200 935
INFO 2026-07-06 15:41:47,674 basehttp 17963 136404459841216 "OPTIONS /api/banks/upload-file/async/ HTTP/1.1" 200 0
INFO 2026-07-06 15:41:48,357 basehttp 17963 136404459841216 "POST /api/banks/upload-file/async/ HTTP/1.1" 202 167
INFO 2026-07-06 15:41:48,401 basehttp 17963 136404459841216 "OPTIONS /api/tasks/dd852ed9-8359-41ce-8653-7d8a337d6ff2/status/ HTTP/1.1" 200 0
INFO 2026-07-06 15:41:49,124 basehttp 17963 136404459841216 "GET /api/tasks/dd852ed9-8359-41ce-8653-7d8a337d6ff2/status/ HTTP/1.1" 200 115
INFO 2026-07-06 15:41:52,088 basehttp 17963 136404459841216 "GET /api/tasks/dd852ed9-8359-41ce-8653-7d8a337d6ff2/status/ HTTP/1.1" 200 300
INFO 2026-07-06 16:00:00,807 tasks 26633 123239806460416 Checking for failed tasks...
INFO 2026-07-06 16:52:31,931 basehttp 17963 136404439910080 "OPTIONS /api/bank-accounts/ HTTP/1.1" 200 0
INFO 2026-07-06 16:52:31,931 basehttp 17963 136404459841216 "OPTIONS /api/bank-accounts/ HTTP/1.1" 200 0
INFO 2026-07-06 16:52:32,694 basehttp 17963 136404439910080 "GET /api/bank-accounts/ HTTP/1.1" 200 935
INFO 2026-07-06 16:52:33,538 basehttp 17963 136404439910080 "GET /api/bank-accounts/ HTTP/1.1" 200 935
INFO 2026-07-06 17:00:00,541 tasks 26633 123239806460416 Checking for failed tasks...
INFO 2026-07-06 18:00:00,630 tasks 26633 123239806460416 Checking for failed tasks...
INFO 2026-07-06 18:22:37,924 basehttp 17963 136404439910080 "OPTIONS /api/banks/ HTTP/1.1" 200 0
INFO 2026-07-06 18:22:37,924 basehttp 17963 136404459841216 "OPTIONS /api/banks/ HTTP/1.1" 200 0
WARNING 2026-07-06 18:22:37,927 log 17963 136404439910080 Not Found: /api/banks/
WARNING 2026-07-06 18:22:37,927 basehttp 17963 136404439910080 "GET /api/banks/ HTTP/1.1" 404 179
WARNING 2026-07-06 18:22:37,971 log 17963 136404439910080 Not Found: /api/banks/
WARNING 2026-07-06 18:22:37,971 basehttp 17963 136404439910080 "GET /api/banks/ HTTP/1.1" 404 179
INFO 2026-07-06 18:22:38,423 basehttp 17963 136404439910080 "OPTIONS /api/banks/search/?search= HTTP/1.1" 200 0
INFO 2026-07-06 18:22:39,257 basehttp 17963 136404439910080 "GET /api/banks/search/?search= HTTP/1.1" 200 3932
INFO 2026-07-06 18:27:02,817 basehttp 17963 136404459841216 "GET /api/bank-accounts/ HTTP/1.1" 200 935
INFO 2026-07-06 18:27:03,623 basehttp 17963 136404459841216 "GET /api/bank-accounts/ HTTP/1.1" 200 935
INFO 2026-07-07 13:34:36,303 autoreload 34083 134704751018496 Watching for file changes with StatReloader
INFO 2026-07-07 13:37:13,801 tasks 34769 134773271773696 Checking for failed tasks...
INFO 2026-07-07 13:54:24,711 basehttp 34083 134703952688832 "OPTIONS /api/bank-accounts/ HTTP/1.1" 200 0
INFO 2026-07-07 13:54:24,712 basehttp 34083 134703944296128 "OPTIONS /api/bank-accounts/ HTTP/1.1" 200 0
INFO 2026-07-07 13:54:25,661 basehttp 34083 134703952688832 "GET /api/bank-accounts/ HTTP/1.1" 200 935
INFO 2026-07-07 13:54:26,549 basehttp 34083 134703952688832 "GET /api/bank-accounts/ HTTP/1.1" 200 935
INFO 2026-07-07 14:08:59,414 basehttp 34083 134703944296128 "DELETE /api/bank-accounts/25/delete/ HTTP/1.1" 200 125
INFO 2026-07-07 14:09:01,458 basehttp 34083 134703944296128 "DELETE /api/bank-accounts/27/delete/ HTTP/1.1" 200 121
INFO 2026-07-07 14:09:47,830 basehttp 34083 134703944296128 "OPTIONS /api/banks/ HTTP/1.1" 200 0
INFO 2026-07-07 14:09:47,834 basehttp 34083 134703952688832 "OPTIONS /api/banks/ HTTP/1.1" 200 0
WARNING 2026-07-07 14:09:47,835 log 34083 134703944296128 Not Found: /api/banks/
WARNING 2026-07-07 14:09:47,836 basehttp 34083 134703944296128 "GET /api/banks/ HTTP/1.1" 404 179
WARNING 2026-07-07 14:09:47,879 log 34083 134703944296128 Not Found: /api/banks/
WARNING 2026-07-07 14:09:47,879 basehttp 34083 134703944296128 "GET /api/banks/ HTTP/1.1" 404 179
INFO 2026-07-07 14:09:48,330 basehttp 34083 134703944296128 "OPTIONS /api/banks/search/?search= HTTP/1.1" 200 0
INFO 2026-07-07 14:09:49,078 basehttp 34083 134703944296128 "GET /api/banks/search/?search= HTTP/1.1" 200 3932
INFO 2026-07-07 14:09:56,717 basehttp 34083 134703944296128 "OPTIONS /api/banks/search/?search=d HTTP/1.1" 200 0
INFO 2026-07-07 14:09:57,346 basehttp 34083 134703944296128 "GET /api/banks/search/?search=d HTTP/1.1" 200 3375
INFO 2026-07-07 14:09:57,464 basehttp 34083 134703944296128 "OPTIONS /api/banks/search/?search=db HTTP/1.1" 200 0
INFO 2026-07-07 14:09:58,031 basehttp 34083 134703952688832 "OPTIONS /api/banks/search/?search=dbs HTTP/1.1" 200 0
INFO 2026-07-07 14:09:58,098 basehttp 34083 134703944296128 "GET /api/banks/search/?search=db HTTP/1.1" 200 129
INFO 2026-07-07 14:09:58,698 basehttp 34083 134703952688832 "GET /api/banks/search/?search=dbs HTTP/1.1" 200 67
INFO 2026-07-07 14:10:32,985 basehttp 34083 134703952688832 "OPTIONS /api/banks/create-folder/ HTTP/1.1" 200 0
INFO 2026-07-07 14:10:40,465 basehttp 34083 134703952688832 "POST /api/banks/create-folder/ HTTP/1.1" 201 623
INFO 2026-07-07 14:10:41,233 basehttp 34083 134703952688832 "GET /api/bank-accounts/ HTTP/1.1" 200 464
INFO 2026-07-07 14:10:41,934 basehttp 34083 134703952688832 "GET /api/bank-accounts/ HTTP/1.1" 200 464
WARNING 2026-07-07 14:10:57,970 log 34083 134703952688832 Not Found: /api/banks/
WARNING 2026-07-07 14:10:57,970 basehttp 34083 134703952688832 "GET /api/banks/ HTTP/1.1" 404 179
WARNING 2026-07-07 14:10:57,973 log 34083 134703944296128 Not Found: /api/banks/
WARNING 2026-07-07 14:10:57,973 basehttp 34083 134703944296128 "GET /api/banks/ HTTP/1.1" 404 179
INFO 2026-07-07 14:10:59,181 basehttp 34083 134703944296128 "GET /api/banks/search/?search= HTTP/1.1" 200 3932
INFO 2026-07-07 14:11:02,867 basehttp 34083 134703944296128 "OPTIONS /api/banks/search/?search=s HTTP/1.1" 200 0
INFO 2026-07-07 14:11:03,563 basehttp 34083 134703944296128 "GET /api/banks/search/?search=s HTTP/1.1" 200 2570
INFO 2026-07-07 14:11:03,766 basehttp 34083 134703944296128 "OPTIONS /api/banks/search/?search=sbi HTTP/1.1" 200 0
INFO 2026-07-07 14:11:04,539 basehttp 34083 134703944296128 "GET /api/banks/search/?search=sbi HTTP/1.1" 200 2
INFO 2026-07-07 14:11:07,511 basehttp 34083 134703944296128 "GET /api/banks/search/?search=s HTTP/1.1" 200 2570
INFO 2026-07-07 14:11:08,560 basehttp 34083 134703944296128 "OPTIONS /api/banks/search/?search=state HTTP/1.1" 200 0
INFO 2026-07-07 14:11:09,272 basehttp 34083 134703944296128 "GET /api/banks/search/?search=state HTTP/1.1" 200 138
INFO 2026-07-07 14:11:52,914 basehttp 34083 134703944296128 "POST /api/banks/create-folder/ HTTP/1.1" 201 621
INFO 2026-07-07 14:11:53,674 basehttp 34083 134703944296128 "GET /api/bank-accounts/ HTTP/1.1" 200 927
INFO 2026-07-07 14:11:54,396 basehttp 34083 134703944296128 "GET /api/bank-accounts/ HTTP/1.1" 200 927
INFO 2026-07-07 14:12:15,224 basehttp 34083 134703944296128 "OPTIONS /api/banks/upload-file/async/ HTTP/1.1" 200 0
INFO 2026-07-07 14:12:15,848 basehttp 34083 134703944296128 "POST /api/banks/upload-file/async/ HTTP/1.1" 202 167
INFO 2026-07-07 14:12:15,893 basehttp 34083 134703944296128 "OPTIONS /api/tasks/42108690-b933-45c2-8747-592877615bff/status/ HTTP/1.1" 200 0
INFO 2026-07-07 14:12:16,602 basehttp 34083 134703944296128 "GET /api/tasks/42108690-b933-45c2-8747-592877615bff/status/ HTTP/1.1" 200 115
INFO 2026-07-07 14:12:18,746 basehttp 34083 134703944296128 "GET /api/tasks/42108690-b933-45c2-8747-592877615bff/status/ HTTP/1.1" 200 300
INFO 2026-07-07 14:12:54,677 basehttp 34083 134703944296128 "POST /api/banks/upload-file/async/ HTTP/1.1" 202 167
INFO 2026-07-07 14:12:54,681 basehttp 34083 134703944296128 "OPTIONS /api/tasks/8509dd80-c40b-40d0-8baa-9c035e992e45/status/ HTTP/1.1" 200 0
INFO 2026-07-07 14:12:55,366 basehttp 34083 134703944296128 "GET /api/tasks/8509dd80-c40b-40d0-8baa-9c035e992e45/status/ HTTP/1.1" 200 115
INFO 2026-07-07 14:12:57,486 basehttp 34083 134703944296128 "GET /api/tasks/8509dd80-c40b-40d0-8baa-9c035e992e45/status/ HTTP/1.1" 200 115
INFO 2026-07-07 14:12:59,629 basehttp 34083 134703944296128 "GET /api/tasks/8509dd80-c40b-40d0-8baa-9c035e992e45/status/ HTTP/1.1" 200 294
WARNING 2026-07-07 14:13:48,187 log 34083 134703860414144 Unauthorized: /api/banks/search/
WARNING 2026-07-07 14:13:48,187 basehttp 34083 134703860414144 "GET /api/banks/search/ HTTP/1.1" 401 172
WARNING 2026-07-07 14:15:23,682 log 34083 134703852021440 Unauthorized: /api/auth/login/
WARNING 2026-07-07 14:15:23,682 basehttp 34083 134703852021440 "GET /api/auth/login/ HTTP/1.1" 401 172
WARNING 2026-07-07 14:15:51,288 log 34083 134703852021440 Unauthorized: /api/auth/login/
WARNING 2026-07-07 14:15:51,288 basehttp 34083 134703852021440 "POST /api/auth/login/ HTTP/1.1" 401 172
WARNING 2026-07-07 14:15:52,521 log 34083 134703852021440 Unauthorized: /api/auth/login/
WARNING 2026-07-07 14:15:52,521 basehttp 34083 134703852021440 "POST /api/auth/login/ HTTP/1.1" 401 172
INFO 2026-07-07 14:16:14,030 basehttp 34083 134703852021440 "POST /api/auth/login/ HTTP/1.1" 200 651
WARNING 2026-07-07 14:16:55,623 log 34083 134703852021440 Not Found: /api/bank/search/
WARNING 2026-07-07 14:16:55,623 basehttp 34083 134703852021440 "POST /api/bank/search/ HTTP/1.1" 404 179
WARNING 2026-07-07 14:16:59,652 log 34083 134703852021440 Not Found: /api/bank/search/
WARNING 2026-07-07 14:16:59,653 basehttp 34083 134703852021440 "GET /api/bank/search/ HTTP/1.1" 404 179
INFO 2026-07-07 14:17:22,411 basehttp 34083 134703852021440 "GET /api/banks/search/ HTTP/1.1" 200 3932
INFO 2026-07-07 14:18:29,744 basehttp 34083 134703843628736 "GET /api/bank-accounts/ HTTP/1.1" 200 927
WARNING 2026-07-07 14:19:14,757 log 34083 134703843628736 Method Not Allowed: /api/bank-accounts/
WARNING 2026-07-07 14:19:14,758 basehttp 34083 134703843628736 "POST /api/bank-accounts/ HTTP/1.1" 405 41
WARNING 2026-07-07 14:21:04,097 log 34083 134703835236032 Bad Request: /api/reconciliation/parse-statement/
WARNING 2026-07-07 14:21:04,098 basehttp 34083 134703835236032 "POST /api/reconciliation/parse-statement/ HTTP/1.1" 400 49
INFO 2026-07-07 14:21:21,664 basehttp 34083 134703835236032 "POST /api/reconciliation/parse-statement/ HTTP/1.1" 202 211
INFO 2026-07-07 14:21:26,079 tasks 34769 134773271773696 Statement 18: 17 transactions created
WARNING 2026-07-07 14:21:38,203 log 34083 134703835236032 Unauthorized: /api/tasks/fc14df64-516f-4f5d-bda5-98da17fd2e73/status/
WARNING 2026-07-07 14:21:38,204 basehttp 34083 134703835236032 "GET /api/tasks/fc14df64-516f-4f5d-bda5-98da17fd2e73/status/ HTTP/1.1" 401 58
WARNING 2026-07-07 14:21:40,893 log 34083 134703835236032 Unauthorized: /api/tasks/fc14df64-516f-4f5d-bda5-98da17fd2e73/status/
WARNING 2026-07-07 14:21:40,893 basehttp 34083 134703835236032 "GET /api/tasks/fc14df64-516f-4f5d-bda5-98da17fd2e73/status/ HTTP/1.1" 401 58
INFO 2026-07-07 14:22:40,963 basehttp 34083 134703835236032 "POST /api/reconciliation/parse-statement/ HTTP/1.1" 202 211
INFO 2026-07-07 14:22:43,634 tasks 34769 134773271773696 Statement 19: 0 transactions created
WARNING 2026-07-07 14:23:15,255 log 34083 134703835236032 Method Not Allowed: /api/reconciliation/transactions/
WARNING 2026-07-07 14:23:15,255 basehttp 34083 134703835236032 "POST /api/reconciliation/transactions/ HTTP/1.1" 405 41
INFO 2026-07-07 14:23:19,585 basehttp 34083 134703835236032 "GET /api/reconciliation/transactions/ HTTP/1.1" 200 6650
INFO 2026-07-07 14:33:06,083 autoreload 34083 134704751018496 /home/jiteshai-web/AccountsDashboard_backend/accounts/banklist/services/pdf_parser.py changed, reloading.
INFO 2026-07-07 14:33:06,781 autoreload 40154 137828627718656 Watching for file changes with StatReloader
INFO 2026-07-07 14:33:23,818 basehttp 40154 137827829413568 "GET /api/reconciliation/transactions/ HTTP/1.1" 200 6650
INFO 2026-07-07 14:43:30,094 autoreload 40154 137828627718656 /home/jiteshai-web/AccountsDashboard_backend/accounts/banklist/services/pdf_parser.py changed, reloading.
INFO 2026-07-07 14:43:30,765 autoreload 40893 130038160790016 Watching for file changes with StatReloader
INFO 2026-07-07 14:43:38,116 basehttp 40893 130037362718400 "GET /api/reconciliation/transactions/ HTTP/1.1" 200 6650
INFO 2026-07-07 14:44:02,610 autoreload 41014 135770876707328 Watching for file changes with StatReloader
INFO 2026-07-07 14:44:08,142 basehttp 41014 135770078705344 "GET /api/reconciliation/transactions/ HTTP/1.1" 200 6650
INFO 2026-07-07 14:44:32,542 basehttp 41014 135770078705344 "GET /api/reconciliation/transactions/ HTTP/1.1" 200 6650
INFO 2026-07-07 14:45:26,734 basehttp 41014 135770078705344 "GET /api/bank-accounts/ HTTP/1.1" 200 927
INFO 2026-07-07 14:45:42,956 basehttp 41014 135770078705344 "GET /api/bank-accounts/ HTTP/1.1" 200 927
INFO 2026-07-07 14:46:43,684 basehttp 41014 135770067166912 "GET /api/bank-accounts/ HTTP/1.1" 200 927
INFO 2026-07-07 14:46:58,987 basehttp 41014 135770067166912 "GET /api/reconciliation/transactions/ HTTP/1.1" 200 6650
INFO 2026-07-07 14:47:21,595 basehttp 41014 135770067166912 "GET /api/reconciliation/transactions/ HTTP/1.1" 200 6650
INFO 2026-07-07 14:47:43,575 basehttp 41014 135770067166912 "GET /api/bank-accounts/ HTTP/1.1" 200 927
INFO 2026-07-07 14:48:36,700 basehttp 41014 135770067166912 "GET /api/reconciliation/transactions/ HTTP/1.1" 200 6650
INFO 2026-07-07 14:49:45,928 basehttp 41014 135770058774208 "GET /api/reconciliation/transactions/ HTTP/1.1" 200 43
INFO 2026-07-07 14:50:21,197 basehttp 41014 135770058774208 "GET /api/reconciliation/transactions/ HTTP/1.1" 200 43
INFO 2026-07-07 14:50:35,041 basehttp 41014 135770058774208 "GET /api/bank-accounts/ HTTP/1.1" 200 927
INFO 2026-07-07 14:51:28,977 basehttp 41014 135770058774208 "GET /api/reconciliation/transactions/ HTTP/1.1" 200 43
INFO 2026-07-07 14:52:05,327 basehttp 41014 135770058774208 "GET /api/reconciliation/transactions/ HTTP/1.1" 200 43
INFO 2026-07-07 14:52:09,414 tasks 34769 134773271773696 Checking for failed tasks...
WARNING 2026-07-07 14:53:08,794 log 41014 135770050381504 Unauthorized: /api/bank-accounts/
WARNING 2026-07-07 14:53:08,794 basehttp 41014 135770050381504 "GET /api/bank-accounts/ HTTP/1.1" 401 172
WARNING 2026-07-07 14:53:08,797 log 41014 135770041988800 Unauthorized: /api/bank-accounts/
WARNING 2026-07-07 14:53:08,798 basehttp 41014 135770041988800 "GET /api/bank-accounts/ HTTP/1.1" 401 172
WARNING 2026-07-07 14:53:11,690 log 41014 135770041988800 Unauthorized: /api/bank-accounts/
WARNING 2026-07-07 14:53:11,690 basehttp 41014 135770041988800 "GET /api/bank-accounts/ HTTP/1.1" 401 172
WARNING 2026-07-07 14:53:11,692 log 41014 135770050381504 Unauthorized: /api/bank-accounts/
WARNING 2026-07-07 14:53:11,692 basehttp 41014 135770050381504 "GET /api/bank-accounts/ HTTP/1.1" 401 172
WARNING 2026-07-07 14:53:12,302 log 41014 135770050381504 Unauthorized: /api/bank-accounts/
WARNING 2026-07-07 14:53:12,303 basehttp 41014 135770050381504 "GET /api/bank-accounts/ HTTP/1.1" 401 172
WARNING 2026-07-07 14:53:12,305 log 41014 135770041988800 Unauthorized: /api/bank-accounts/
WARNING 2026-07-07 14:53:12,305 basehttp 41014 135770041988800 "GET /api/bank-accounts/ HTTP/1.1" 401 172
WARNING 2026-07-07 14:53:12,492 log 41014 135770041988800 Unauthorized: /api/bank-accounts/
WARNING 2026-07-07 14:53:12,493 basehttp 41014 135770041988800 "GET /api/bank-accounts/ HTTP/1.1" 401 172
WARNING 2026-07-07 14:53:12,495 log 41014 135770050381504 Unauthorized: /api/bank-accounts/
WARNING 2026-07-07 14:53:12,495 basehttp 41014 135770050381504 "GET /api/bank-accounts/ HTTP/1.1" 401 172
WARNING 2026-07-07 14:53:41,717 log 41014 135770050381504 Unauthorized: /api/bank-accounts/
WARNING 2026-07-07 14:53:41,717 basehttp 41014 135770050381504 "GET /api/bank-accounts/ HTTP/1.1" 401 172
WARNING 2026-07-07 14:53:41,720 log 41014 135770041988800 Unauthorized: /api/bank-accounts/
WARNING 2026-07-07 14:53:41,720 basehttp 41014 135770041988800 "GET /api/bank-accounts/ HTTP/1.1" 401 172
WARNING 2026-07-07 14:54:22,011 log 41014 135770041988800 Not Found: /api/banks/
WARNING 2026-07-07 14:54:22,011 basehttp 41014 135770041988800 "GET /api/banks/ HTTP/1.1" 404 179
WARNING 2026-07-07 14:54:22,013 log 41014 135770050381504 Not Found: /api/banks/
WARNING 2026-07-07 14:54:22,014 basehttp 41014 135770050381504 "GET /api/banks/ HTTP/1.1" 404 179
WARNING 2026-07-07 14:54:22,511 log 41014 135770050381504 Unauthorized: /api/banks/search/
WARNING 2026-07-07 14:54:22,512 basehttp 41014 135770050381504 "GET /api/banks/search/?search= HTTP/1.1" 401 172
WARNING 2026-07-07 14:54:55,842 log 41014 135770050381504 Unauthorized: /api/banks/create-folder/
WARNING 2026-07-07 14:54:55,842 basehttp 41014 135770050381504 "POST /api/banks/create-folder/ HTTP/1.1" 401 172
WARNING 2026-07-07 14:55:27,993 log 41014 135770050381504 Unauthorized: /api/banks/create-folder/
WARNING 2026-07-07 14:55:27,994 basehttp 41014 135770050381504 "POST /api/banks/create-folder/ HTTP/1.1" 401 172
INFO 2026-07-07 14:55:44,953 basehttp 41014 135770050381504 "OPTIONS /api/auth/logout/ HTTP/1.1" 200 0
WARNING 2026-07-07 14:55:44,957 log 41014 135770050381504 Unauthorized: /api/auth/logout/
WARNING 2026-07-07 14:55:44,957 basehttp 41014 135770050381504 "POST /api/auth/logout/ HTTP/1.1" 401 172
INFO 2026-07-07 14:55:49,569 basehttp 41014 135770050381504 "OPTIONS /api/auth/login/ HTTP/1.1" 200 0
INFO 2026-07-07 14:55:50,413 basehttp 41014 135770050381504 "POST /api/auth/login/ HTTP/1.1" 200 651
INFO 2026-07-07 14:55:50,457 basehttp 41014 135770050381504 "OPTIONS /api/banks/init-company-folder/ HTTP/1.1" 200 0
INFO 2026-07-07 14:55:54,137 basehttp 41014 135770050381504 "POST /api/banks/init-company-folder/ HTTP/1.1" 200 389
INFO 2026-07-07 14:55:55,083 basehttp 41014 135770050381504 "GET /api/bank-accounts/ HTTP/1.1" 200 927
INFO 2026-07-07 14:55:55,897 basehttp 41014 135770050381504 "GET /api/bank-accounts/ HTTP/1.1" 200 927
INFO 2026-07-07 14:56:01,357 basehttp 41014 135770032547520 "DELETE /api/bank-accounts/29/delete/ HTTP/1.1" 200 150
INFO 2026-07-07 14:56:09,747 basehttp 41014 135770032547520 "DELETE /api/bank-accounts/28/delete/ HTTP/1.1" 200 152
INFO 2026-07-07 14:56:11,305 basehttp 41014 135770050381504 "GET /api/bank-accounts/ HTTP/1.1" 200 2
INFO 2026-07-07 14:56:12,042 basehttp 41014 135770050381504 "GET /api/bank-accounts/ HTTP/1.1" 200 2
INFO 2026-07-07 14:56:15,436 basehttp 41014 135770050381504 "POST /api/auth/logout/ HTTP/1.1" 200 39
INFO 2026-07-07 14:56:53,155 basehttp 41014 135770050381504 "OPTIONS /api/auth/register/ HTTP/1.1" 200 0
INFO 2026-07-07 14:56:54,217 basehttp 41014 135770050381504 "POST /api/auth/register/ HTTP/1.1" 201 645
INFO 2026-07-07 14:57:01,837 basehttp 41014 135770050381504 "POST /api/banks/init-company-folder/ HTTP/1.1" 200 359
INFO 2026-07-07 14:57:02,642 basehttp 41014 135770050381504 "GET /api/bank-accounts/ HTTP/1.1" 200 2
INFO 2026-07-07 14:57:03,435 basehttp 41014 135770050381504 "GET /api/bank-accounts/ HTTP/1.1" 200 2
WARNING 2026-07-07 14:57:15,431 log 41014 135770050381504 Not Found: /api/banks/
WARNING 2026-07-07 14:57:15,432 basehttp 41014 135770050381504 "GET /api/banks/ HTTP/1.1" 404 179
WARNING 2026-07-07 14:57:15,435 log 41014 135770050381504 Not Found: /api/banks/
WARNING 2026-07-07 14:57:15,435 basehttp 41014 135770050381504 "GET /api/banks/ HTTP/1.1" 404 179
INFO 2026-07-07 14:57:16,695 basehttp 41014 135770050381504 "GET /api/banks/search/?search= HTTP/1.1" 200 3932
INFO 2026-07-07 14:57:24,201 basehttp 41014 135770050381504 "GET /api/banks/search/?search=sbi HTTP/1.1" 200 2
INFO 2026-07-07 14:57:27,995 basehttp 41014 135770050381504 "GET /api/banks/search/?search= HTTP/1.1" 200 3932
INFO 2026-07-07 14:57:32,159 basehttp 41014 135770050381504 "OPTIONS /api/banks/search/?search=sta HTTP/1.1" 200 0
INFO 2026-07-07 14:57:32,887 basehttp 41014 135770050381504 "GET /api/banks/search/?search=sta HTTP/1.1" 200 205
INFO 2026-07-07 14:58:05,060 basehttp 41014 135770050381504 "POST /api/banks/create-folder/ HTTP/1.1" 201 617
INFO 2026-07-07 14:58:05,854 basehttp 41014 135770050381504 "GET /api/bank-accounts/ HTTP/1.1" 200 462
INFO 2026-07-07 14:58:06,549 basehttp 41014 135770050381504 "GET /api/bank-accounts/ HTTP/1.1" 200 462
WARNING 2026-07-07 14:58:12,725 log 41014 135770050381504 Not Found: /api/banks/
WARNING 2026-07-07 14:58:12,726 basehttp 41014 135770050381504 "GET /api/banks/ HTTP/1.1" 404 179
WARNING 2026-07-07 14:58:12,729 log 41014 135770041988800 Not Found: /api/banks/
WARNING 2026-07-07 14:58:12,729 basehttp 41014 135770041988800 "GET /api/banks/ HTTP/1.1" 404 179
INFO 2026-07-07 14:58:13,946 basehttp 41014 135770041988800 "GET /api/banks/search/?search= HTTP/1.1" 200 3932
INFO 2026-07-07 14:58:17,160 basehttp 41014 135770041988800 "GET /api/banks/search/?search=dbs HTTP/1.1" 200 67
INFO 2026-07-07 14:58:55,634 basehttp 41014 135770041988800 "POST /api/banks/create-folder/ HTTP/1.1" 201 628
INFO 2026-07-07 14:58:56,386 basehttp 41014 135770041988800 "GET /api/bank-accounts/ HTTP/1.1" 200 929
INFO 2026-07-07 14:58:57,178 basehttp 41014 135770041988800 "GET /api/bank-accounts/ HTTP/1.1" 200 929
INFO 2026-07-07 14:59:06,246 basehttp 41014 135770041988800 "POST /api/banks/upload-file/async/ HTTP/1.1" 202 167
INFO 2026-07-07 14:59:06,250 basehttp 41014 135770041988800 "OPTIONS /api/tasks/099fe9db-d8ec-4112-8fae-dbb3e3f257fe/status/ HTTP/1.1" 200 0
INFO 2026-07-07 14:59:06,881 basehttp 41014 135770041988800 "GET /api/tasks/099fe9db-d8ec-4112-8fae-dbb3e3f257fe/status/ HTTP/1.1" 200 115
INFO 2026-07-07 14:59:09,072 basehttp 41014 135770041988800 "GET /api/tasks/099fe9db-d8ec-4112-8fae-dbb3e3f257fe/status/ HTTP/1.1" 200 115
INFO 2026-07-07 14:59:10,492 basehttp 41014 135770041988800 "POST /api/banks/upload-file/async/ HTTP/1.1" 202 167
INFO 2026-07-07 14:59:10,496 basehttp 41014 135770041988800 "OPTIONS /api/tasks/c4e5f881-beaa-4ef9-a1e0-1cbb8ac3197e/status/ HTTP/1.1" 200 0
INFO 2026-07-07 14:59:11,109 basehttp 41014 135770041988800 "GET /api/tasks/c4e5f881-beaa-4ef9-a1e0-1cbb8ac3197e/status/ HTTP/1.1" 200 115
INFO 2026-07-07 14:59:11,130 basehttp 41014 135770050381504 "GET /api/tasks/099fe9db-d8ec-4112-8fae-dbb3e3f257fe/status/ HTTP/1.1" 200 294
INFO 2026-07-07 14:59:13,233 basehttp 41014 135770041988800 "GET /api/tasks/c4e5f881-beaa-4ef9-a1e0-1cbb8ac3197e/status/ HTTP/1.1" 200 300
INFO 2026-07-07 15:00:00,544 tasks 34769 134773271773696 Checking for failed tasks...
WARNING 2026-07-07 15:00:04,248 log 41014 135770032547520 Method Not Allowed: /api/auth/login/
WARNING 2026-07-07 15:00:04,248 basehttp 41014 135770032547520 "GET /api/auth/login/ HTTP/1.1" 405 40
WARNING 2026-07-07 15:00:24,062 log 41014 135770032547520 Bad Request: /api/auth/login/
WARNING 2026-07-07 15:00:24,062 basehttp 41014 135770032547520 "POST /api/auth/login/ HTTP/1.1" 400 50
INFO 2026-07-07 15:01:04,092 basehttp 41014 135770032547520 "POST /api/auth/login/ HTTP/1.1" 200 633
WARNING 2026-07-07 15:01:27,135 log 41014 135770032547520 Method Not Allowed: /api/bank-accounts/
WARNING 2026-07-07 15:01:27,135 basehttp 41014 135770032547520 "POST /api/bank-accounts/ HTTP/1.1" 405 41
INFO 2026-07-07 15:01:31,143 basehttp 41014 135770032547520 "GET /api/bank-accounts/ HTTP/1.1" 200 929
INFO 2026-07-07 15:02:28,568 basehttp 41014 135770032547520 "GET /api/reconciliation/transactions/ HTTP/1.1" 200 43
WARNING 2026-07-07 15:02:32,123 log 41014 135770032547520 Method Not Allowed: /api/reconciliation/transactions/
WARNING 2026-07-07 15:02:32,123 basehttp 41014 135770032547520 "POST /api/reconciliation/transactions/ HTTP/1.1" 405 41
INFO 2026-07-07 15:02:37,851 basehttp 41014 135770032547520 "GET /api/reconciliation/transactions/ HTTP/1.1" 200 43
INFO 2026-07-07 15:02:59,107 autoreload 41014 135770876707328 /home/jiteshai-web/AccountsDashboard_backend/accounts/banklist/services/pdf_parser.py changed, reloading.
INFO 2026-07-07 15:02:59,807 autoreload 44685 124631370527232 Watching for file changes with StatReloader
INFO 2026-07-07 15:03:07,097 basehttp 44685 124630572463808 "GET /api/reconciliation/transactions/ HTTP/1.1" 200 43
WARNING 2026-07-07 15:03:29,618 log 44685 124630572463808 Method Not Allowed: /api/reconciliation/transactions/
WARNING 2026-07-07 15:03:29,618 basehttp 44685 124630572463808 "POST /api/reconciliation/transactions/ HTTP/1.1" 405 41
INFO 2026-07-07 15:03:34,095 basehttp 44685 124630572463808 "GET /api/reconciliation/transactions/ HTTP/1.1" 200 43
INFO 2026-07-07 15:03:53,298 autoreload 44685 124631370527232 /home/jiteshai-web/AccountsDashboard_backend/accounts/banklist/services/pdf_parser.py changed, reloading.
INFO 2026-07-07 15:03:53,943 autoreload 44855 124510119449088 Watching for file changes with StatReloader
INFO 2026-07-07 15:03:58,150 autoreload 44893 126473549636096 Watching for file changes with StatReloader
INFO 2026-07-07 15:04:04,452 basehttp 44893 126472751675072 "GET /api/reconciliation/transactions/ HTTP/1.1" 200 43
INFO 2026-07-07 15:06:31,150 autoreload 44893 126473549636096 /home/jiteshai-web/AccountsDashboard_backend/accounts/banklist/services/pdf_parser.py changed, reloading.
INFO 2026-07-07 15:06:31,827 autoreload 45125 138086264787456 Watching for file changes with StatReloader
INFO 2026-07-07 15:06:44,932 basehttp 45125 138085466633920 "GET /api/reconciliation/transactions/ HTTP/1.1" 200 43
INFO 2026-07-07 15:08:23,160 basehttp 45125 138085455095488 "POST /api/reconciliation/parse-statement HTTP/1.1" 301 0
WARNING 2026-07-07 15:08:23,812 log 45125 138085446702784 Method Not Allowed: /api/reconciliation/parse-statement/
WARNING 2026-07-07 15:08:23,812 basehttp 45125 138085446702784 "GET /api/reconciliation/parse-statement/ HTTP/1.1" 405 40
INFO 2026-07-07 15:08:34,172 basehttp 45125 138085446702784 "POST /api/reconciliation/parse-statement HTTP/1.1" 301 0
WARNING 2026-07-07 15:08:34,799 log 45125 138085438310080 Method Not Allowed: /api/reconciliation/parse-statement/
WARNING 2026-07-07 15:08:34,800 basehttp 45125 138085438310080 "GET /api/reconciliation/parse-statement/ HTTP/1.1" 405 40
INFO 2026-07-07 15:08:51,675 basehttp 45125 138085438310080 "POST /api/reconciliation/parse-statement HTTP/1.1" 301 0
WARNING 2026-07-07 15:08:52,332 log 45125 138085429917376 Method Not Allowed: /api/reconciliation/parse-statement/
WARNING 2026-07-07 15:08:52,332 basehttp 45125 138085429917376 "GET /api/reconciliation/parse-statement/ HTTP/1.1" 405 40
INFO 2026-07-07 15:08:59,846 basehttp 45125 138085429917376 "GET /api/reconciliation/parse-statement HTTP/1.1" 301 0
WARNING 2026-07-07 15:09:00,558 log 45125 138085346047680 Method Not Allowed: /api/reconciliation/parse-statement/
WARNING 2026-07-07 15:09:00,559 basehttp 45125 138085346047680 "GET /api/reconciliation/parse-statement/ HTTP/1.1" 405 40
INFO 2026-07-07 15:10:16,327 basehttp 45125 138085337654976 "POST /api/reconciliation/parse-statement HTTP/1.1" 301 0
WARNING 2026-07-07 15:10:16,949 log 45125 138085329262272 Method Not Allowed: /api/reconciliation/parse-statement/
WARNING 2026-07-07 15:10:16,950 basehttp 45125 138085329262272 "GET /api/reconciliation/parse-statement/ HTTP/1.1" 405 40
INFO 2026-07-07 15:11:13,261 basehttp 45125 138085320869568 "POST /api/banks/upload-file/async/ HTTP/1.1" 202 167
INFO 2026-07-07 15:11:13,264 basehttp 45125 138085320869568 "OPTIONS /api/tasks/f0c5d7d2-ef09-416e-bfde-aad989001ba2/status/ HTTP/1.1" 200 0
INFO 2026-07-07 15:11:13,922 basehttp 45125 138085320869568 "GET /api/tasks/f0c5d7d2-ef09-416e-bfde-aad989001ba2/status/ HTTP/1.1" 200 115
INFO 2026-07-07 15:11:16,052 basehttp 45125 138085320869568 "GET /api/tasks/f0c5d7d2-ef09-416e-bfde-aad989001ba2/status/ HTTP/1.1" 200 115
INFO 2026-07-07 15:11:18,157 basehttp 45125 138085320869568 "GET /api/tasks/f0c5d7d2-ef09-416e-bfde-aad989001ba2/status/ HTTP/1.1" 200 294
INFO 2026-07-07 15:11:40,019 basehttp 45125 138085320869568 "POST /api/banks/upload-file/async/ HTTP/1.1" 202 167
INFO 2026-07-07 15:11:40,023 basehttp 45125 138085320869568 "OPTIONS /api/tasks/55a80f36-992e-4fce-884f-dcf5ab0497e2/status/ HTTP/1.1" 200 0
INFO 2026-07-07 15:11:40,678 basehttp 45125 138085320869568 "GET /api/tasks/55a80f36-992e-4fce-884f-dcf5ab0497e2/status/ HTTP/1.1" 200 115
INFO 2026-07-07 15:11:42,815 basehttp 45125 138085320869568 "GET /api/tasks/55a80f36-992e-4fce-884f-dcf5ab0497e2/status/ HTTP/1.1" 200 300
WARNING 2026-07-07 15:12:18,917 log 45125 138085312476864 Method Not Allowed: /api/bank-accounts/
WARNING 2026-07-07 15:12:18,917 basehttp 45125 138085312476864 "POST /api/bank-accounts/ HTTP/1.1" 405 41
INFO 2026-07-07 15:12:23,316 basehttp 45125 138085312476864 "GET /api/bank-accounts/ HTTP/1.1" 200 929
INFO 2026-07-07 15:13:16,985 autoreload 45125 138086264787456 /home/jiteshai-web/AccountsDashboard_backend/accounts/banklist/services/pdf_parser.py changed, reloading.
INFO 2026-07-07 15:13:17,695 autoreload 46459 132887742370304 Watching for file changes with StatReloader
WARNING 2026-07-07 15:13:26,650 log 46459 132886944544448 Bad Request: /api/reconciliation/parse-statement/
WARNING 2026-07-07 15:13:26,651 basehttp 46459 132886944544448 "POST /api/reconciliation/parse-statement/ HTTP/1.1" 400 49
INFO 2026-07-07 15:13:40,255 basehttp 46459 132886944544448 "POST /api/reconciliation/parse-statement/ HTTP/1.1" 202 211
INFO 2026-07-07 15:13:42,593 tasks 34769 134773271773696 Statement 20: 5 transactions created
INFO 2026-07-07 15:14:12,447 basehttp 46459 132886944544448 "GET /api/reconciliation/transactions/ HTTP/1.1" 200 2276
INFO 2026-07-07 15:16:40,146 basehttp 46459 132886931957440 "GET /api/reconciliation/transactions/ HTTP/1.1" 200 2276
WARNING 2026-07-07 15:17:07,816 log 46459 132886931957440 Method Not Allowed: /api/reconciliation/parse-statement/
WARNING 2026-07-07 15:17:07,817 basehttp 46459 132886931957440 "GET /api/reconciliation/parse-statement/ HTTP/1.1" 405 40
INFO 2026-07-07 15:17:16,548 basehttp 46459 132886931957440 "POST /api/reconciliation/parse-statement/ HTTP/1.1" 202 211
INFO 2026-07-07 15:17:20,367 tasks 34769 134773271773696 Statement 21: 17 transactions created
WARNING 2026-07-07 15:18:00,373 log 46459 132886931957440 Method Not Allowed: /api/reconciliation/transactions/
WARNING 2026-07-07 15:18:00,373 basehttp 46459 132886931957440 "POST /api/reconciliation/transactions/ HTTP/1.1" 405 41
INFO 2026-07-07 15:18:04,381 basehttp 46459 132886931957440 "GET /api/reconciliation/transactions/ HTTP/1.1" 200 8884
INFO 2026-07-07 15:31:19,510 autoreload 46459 132887742370304 /home/jiteshai-web/AccountsDashboard_backend/accounts/banklist/services/pdf_parser.py changed, reloading.
INFO 2026-07-07 15:31:20,275 autoreload 49153 133754312032768 Watching for file changes with StatReloader
INFO 2026-07-07 15:31:41,079 basehttp 49153 133753513965248 "GET /api/bank-accounts/ HTTP/1.1" 200 929
INFO 2026-07-07 15:31:41,799 basehttp 49153 133753513965248 "GET /api/bank-accounts/ HTTP/1.1" 200 929
INFO 2026-07-07 15:31:52,773 basehttp 49153 133753502426816 "GET /api/reconciliation/transactions/ HTTP/1.1" 200 8884
WARNING 2026-07-07 15:33:31,027 log 49153 133753494034112 Bad Request: /api/reconciliation/parse-statement/
WARNING 2026-07-07 15:33:31,027 basehttp 49153 133753494034112 "POST /api/reconciliation/parse-statement/ HTTP/1.1" 400 49
INFO 2026-07-07 15:34:02,266 basehttp 49153 133753494034112 "POST /api/reconciliation/parse-statement/ HTTP/1.1" 202 211
INFO 2026-07-07 15:34:07,432 tasks 34769 134773271773696 Statement 22: 17 transactions created
INFO 2026-07-07 15:36:25,173 basehttp 49153 133753513965248 "POST /api/reconciliation/parse-statement/ HTTP/1.1" 202 211
INFO 2026-07-07 15:36:27,205 tasks 34769 134773271773696 Statement 23: 0 transactions created
INFO 2026-07-07 15:38:30,708 basehttp 49153 133753483544256 "POST /api/reconciliation/parse-statement/ HTTP/1.1" 202 211
INFO 2026-07-07 15:38:34,797 tasks 34769 134773271773696 Statement 24: 17 transactions created
INFO 2026-07-07 16:00:00,596 tasks 34769 134773271773696 Checking for failed tasks...
INFO 2026-07-08 11:18:29,318 autoreload 18050 135742382055936 Watching for file changes with StatReloader
INFO 2026-07-08 11:19:33,375 tasks 18194 138217258578432 Checking for failed tasks...
INFO 2026-07-08 11:20:38,207 basehttp 18050 135741584266944 "OPTIONS /api/auth/login/ HTTP/1.1" 200 0
INFO 2026-07-08 11:20:39,043 basehttp 18050 135741584266944 "POST /api/auth/login/ HTTP/1.1" 200 651
INFO 2026-07-08 11:20:39,087 basehttp 18050 135741584266944 "OPTIONS /api/banks/init-company-folder/ HTTP/1.1" 200 0
INFO 2026-07-08 11:20:42,905 basehttp 18050 135741584266944 "POST /api/banks/init-company-folder/ HTTP/1.1" 200 389
INFO 2026-07-08 11:20:42,995 basehttp 18050 135741584266944 "OPTIONS /api/bank-accounts/ HTTP/1.1" 200 0
INFO 2026-07-08 11:20:42,996 basehttp 18050 135741501863616 "OPTIONS /api/bank-accounts/ HTTP/1.1" 200 0
INFO 2026-07-08 11:20:43,692 basehttp 18050 135741584266944 "GET /api/bank-accounts/ HTTP/1.1" 200 2
INFO 2026-07-08 11:20:44,472 basehttp 18050 135741584266944 "GET /api/bank-accounts/ HTTP/1.1" 200 2
INFO 2026-07-08 11:20:52,454 basehttp 18050 135741584266944 "OPTIONS /api/auth/logout/ HTTP/1.1" 200 0
INFO 2026-07-08 11:20:53,592 basehttp 18050 135741584266944 "POST /api/auth/logout/ HTTP/1.1" 200 39
INFO 2026-07-08 11:20:59,907 basehttp 18050 135741584266944 "POST /api/auth/login/ HTTP/1.1" 200 633
INFO 2026-07-08 11:21:03,479 basehttp 18050 135741584266944 "POST /api/banks/init-company-folder/ HTTP/1.1" 200 359
INFO 2026-07-08 11:21:04,289 basehttp 18050 135741584266944 "GET /api/bank-accounts/ HTTP/1.1" 200 929
INFO 2026-07-08 11:21:05,083 basehttp 18050 135741584266944 "GET /api/bank-accounts/ HTTP/1.1" 200 929
INFO 2026-07-08 11:21:09,377 basehttp 18050 135741584266944 "OPTIONS /api/banks/ HTTP/1.1" 200 0
INFO 2026-07-08 11:21:09,378 basehttp 18050 135741501863616 "OPTIONS /api/banks/ HTTP/1.1" 200 0
WARNING 2026-07-08 11:21:09,384 log 18050 135741501863616 Not Found: /api/banks/
WARNING 2026-07-08 11:21:09,384 basehttp 18050 135741501863616 "GET /api/banks/ HTTP/1.1" 404 179
WARNING 2026-07-08 11:21:09,429 log 18050 135741501863616 Not Found: /api/banks/
WARNING 2026-07-08 11:21:09,429 basehttp 18050 135741501863616 "GET /api/banks/ HTTP/1.1" 404 179
INFO 2026-07-08 11:21:09,878 basehttp 18050 135741501863616 "OPTIONS /api/banks/search/?search= HTTP/1.1" 200 0
INFO 2026-07-08 11:21:10,535 basehttp 18050 135741501863616 "GET /api/banks/search/?search= HTTP/1.1" 200 3932
INFO 2026-07-08 11:21:10,813 basehttp 18050 135741584266944 "GET /api/bank-accounts/ HTTP/1.1" 200 929
WARNING 2026-07-08 11:21:10,967 log 18050 135741501863616 Not Found: /api/banks/
WARNING 2026-07-08 11:21:10,967 basehttp 18050 135741501863616 "GET /api/banks/ HTTP/1.1" 404 179
WARNING 2026-07-08 11:21:10,970 log 18050 135741501863616 Not Found: /api/banks/
WARNING 2026-07-08 11:21:10,971 basehttp 18050 135741501863616 "GET /api/banks/ HTTP/1.1" 404 179
INFO 2026-07-08 11:21:11,585 basehttp 18050 135741584266944 "GET /api/bank-accounts/ HTTP/1.1" 200 929
INFO 2026-07-08 11:21:12,173 basehttp 18050 135741501863616 "GET /api/banks/search/?search= HTTP/1.1" 200 3932
INFO 2026-07-08 11:21:14,103 basehttp 18050 135741501863616 "GET /api/bank-accounts/ HTTP/1.1" 200 929
INFO 2026-07-08 11:21:14,918 basehttp 18050 135741501863616 "GET /api/bank-accounts/ HTTP/1.1" 200 929
INFO 2026-07-08 11:41:33,596 autoreload 18050 135742382055936 /home/jiteshai-web/AccountsDashboard_backend/accounts/accounts/settings.py changed, reloading.
INFO 2026-07-08 11:41:34,259 autoreload 23358 138659803910656 Watching for file changes with StatReloader
INFO 2026-07-08 11:41:53,089 autoreload 23358 138659803910656 /home/jiteshai-web/AccountsDashboard_backend/accounts/banklist/services/receipt_parser.py changed, reloading.
INFO 2026-07-08 11:41:53,709 autoreload 23467 138155316662784 Watching for file changes with StatReloader
INFO 2026-07-08 11:42:18,605 autoreload 23467 138155316662784 /home/jiteshai-web/AccountsDashboard_backend/accounts/banklist/services/pdf_parser.py changed, reloading.
INFO 2026-07-08 11:42:19,221 autoreload 23654 127144024322560 Watching for file changes with StatReloader
INFO 2026-07-08 12:03:35,041 autoreload 29534 125695184523776 Watching for file changes with StatReloader
INFO 2026-07-08 12:03:39,789 tasks 18194 138217258578432 Checking for failed tasks...
INFO 2026-07-08 12:14:56,074 autoreload 29534 125695184523776 /home/jiteshai-web/AccountsDashboard_backend/accounts/banklist/tasks.py changed, reloading.
INFO 2026-07-08 12:14:56,696 autoreload 30218 128584841245184 Watching for file changes with StatReloader
INFO 2026-07-08 12:15:10,440 autoreload 30218 128584841245184 /home/jiteshai-web/AccountsDashboard_backend/accounts/banklist/services/receipt_parser.py changed, reloading.
INFO 2026-07-08 12:15:11,059 autoreload 30328 137857929007616 Watching for file changes with StatReloader
INFO 2026-07-08 12:15:23,796 autoreload 30328 137857929007616 /home/jiteshai-web/AccountsDashboard_backend/accounts/banklist/services/pdf_parser.py changed, reloading.
INFO 2026-07-08 12:15:24,426 autoreload 30439 134125882868224 Watching for file changes with StatReloader
INFO 2026-07-08 12:48:23,491 autoreload 30439 134125882868224 /home/jiteshai-web/AccountsDashboard_backend/accounts/banklist/services/ollama_extractor.py changed, reloading.
INFO 2026-07-08 12:48:24,119 autoreload 34874 124837157536256 Watching for file changes with StatReloader
INFO 2026-07-08 12:48:39,911 autoreload 34874 124837157536256 /home/jiteshai-web/AccountsDashboard_backend/accounts/banklist/services/receipt_parser.py changed, reloading.
INFO 2026-07-08 12:48:40,537 autoreload 34982 128231571436032 Watching for file changes with StatReloader
INFO 2026-07-08 12:48:56,316 autoreload 34982 128231571436032 /home/jiteshai-web/AccountsDashboard_backend/accounts/banklist/services/pdf_parser.py changed, reloading.
INFO 2026-07-08 12:48:57,011 autoreload 35090 133906658767360 Watching for file changes with StatReloader
INFO 2026-07-08 12:50:49,933 autoreload 35620 131438531752448 Watching for file changes with StatReloader
INFO 2026-07-08 12:53:12,806 autoreload 36833 127248072618496 Watching for file changes with StatReloader
INFO 2026-07-08 12:54:48,543 basehttp 36833 127247289140928 "POST /api/reconciliation/parse-statement/ HTTP/1.1" 202 211
INFO 2026-07-08 12:55:25,445 basehttp 36833 127247289140928 "GET /api/reconciliation/transactions/ HTTP/1.1" 200 6650
INFO 2026-07-08 12:56:20,575 pdf_parser 36770 132296255566336 Parsed 28 transactions from SBI statement
INFO 2026-07-08 12:56:24,729 tasks 36770 132296255566336 Statement 25 (SBI): 28 created, 0 skipped duplicates
WARNING 2026-07-08 12:58:11,849 log 36833 127247276553920 Not Found: /api/banks/
WARNING 2026-07-08 12:58:11,849 basehttp 36833 127247276553920 "GET /api/banks/ HTTP/1.1" 404 179
WARNING 2026-07-08 12:58:11,852 log 36833 127247276553920 Not Found: /api/banks/
WARNING 2026-07-08 12:58:11,852 basehttp 36833 127247276553920 "GET /api/banks/ HTTP/1.1" 404 179
INFO 2026-07-08 12:58:14,348 basehttp 36833 127247276553920 "GET /api/banks/search/?search= HTTP/1.1" 200 3932
INFO 2026-07-08 12:58:15,378 basehttp 36833 127247197402816 "GET /api/bank-accounts/ HTTP/1.1" 200 929
INFO 2026-07-08 12:58:18,810 basehttp 36833 127247197402816 "GET /api/bank-accounts/ HTTP/1.1" 200 929
WARNING 2026-07-08 12:58:50,966 log 36833 127247197402816 Not Found: /api/banks/
WARNING 2026-07-08 12:58:50,966 basehttp 36833 127247197402816 "GET /api/banks/ HTTP/1.1" 404 179
WARNING 2026-07-08 12:58:50,969 log 36833 127247276553920 Not Found: /api/banks/
WARNING 2026-07-08 12:58:50,970 basehttp 36833 127247276553920 "GET /api/banks/ HTTP/1.1" 404 179
INFO 2026-07-08 12:58:52,122 basehttp 36833 127247276553920 "GET /api/banks/search/?search= HTTP/1.1" 200 3932
INFO 2026-07-08 12:58:52,328 basehttp 36833 127247197402816 "GET /api/bank-accounts/ HTTP/1.1" 200 929
INFO 2026-07-08 12:58:53,080 basehttp 36833 127247197402816 "GET /api/bank-accounts/ HTTP/1.1" 200 929
WARNING 2026-07-08 12:59:29,121 log 36833 127247197402816 Not Found: /api/banks/
WARNING 2026-07-08 12:59:29,121 basehttp 36833 127247197402816 "GET /api/banks/ HTTP/1.1" 404 179
WARNING 2026-07-08 12:59:29,124 log 36833 127247197402816 Not Found: /api/banks/
WARNING 2026-07-08 12:59:29,124 basehttp 36833 127247197402816 "GET /api/banks/ HTTP/1.1" 404 179
INFO 2026-07-08 13:00:00,594 tasks 36770 132296255566336 Checking for failed tasks...
INFO 2026-07-08 13:01:33,590 basehttp 36833 127247197402816 "GET /api/bank-accounts/ HTTP/1.1" 200 929
INFO 2026-07-08 13:01:34,305 basehttp 36833 127247197402816 "GET /api/bank-accounts/ HTTP/1.1" 200 929
WARNING 2026-07-08 13:02:01,506 log 36833 127247197402816 Not Found: /api/banks/
WARNING 2026-07-08 13:02:01,506 basehttp 36833 127247197402816 "GET /api/banks/ HTTP/1.1" 404 179
WARNING 2026-07-08 13:02:01,509 log 36833 127247276553920 Not Found: /api/banks/
WARNING 2026-07-08 13:02:01,509 basehttp 36833 127247276553920 "GET /api/banks/ HTTP/1.1" 404 179
INFO 2026-07-08 13:02:02,678 basehttp 36833 127247276553920 "GET /api/banks/search/?search= HTTP/1.1" 200 3932
INFO 2026-07-08 13:02:05,483 basehttp 36833 127247276553920 "GET /api/bank-accounts/ HTTP/1.1" 200 929
INFO 2026-07-08 13:02:06,182 basehttp 36833 127247276553920 "GET /api/bank-accounts/ HTTP/1.1" 200 929
WARNING 2026-07-08 13:32:27,598 log 36833 127247189010112 Not Found: /
WARNING 2026-07-08 13:32:27,598 basehttp 36833 127247189010112 "GET / HTTP/1.1" 404 179
WARNING 2026-07-08 13:32:27,670 log 36833 127247189010112 Not Found: /favicon.ico
WARNING 2026-07-08 13:32:27,670 basehttp 36833 127247189010112 "GET /favicon.ico HTTP/1.1" 404 179
WARNING 2026-07-08 13:32:49,228 log 36833 127247180617408 Not Found: /
WARNING 2026-07-08 13:32:49,229 basehttp 36833 127247180617408 "GET / HTTP/1.1" 404 179
WARNING 2026-07-08 13:32:49,253 log 36833 127247180617408 Not Found: /favicon.ico
WARNING 2026-07-08 13:32:49,254 basehttp 36833 127247180617408 "GET /favicon.ico HTTP/1.1" 404 179
INFO 2026-07-08 13:32:53,498 basehttp 36833 127247180617408 "GET /admin HTTP/1.1" 301 0
INFO 2026-07-08 13:32:53,512 basehttp 36833 127247172224704 "GET /admin/ HTTP/1.1" 302 0
INFO 2026-07-08 13:32:53,526 basehttp 36833 127247172224704 "GET /admin/login/?next=/admin/ HTTP/1.1" 200 4174
WARNING 2026-07-08 13:32:53,573 log 36833 127247172224704 Not Found: /static/admin/css/base.css
WARNING 2026-07-08 13:32:53,574 log 36833 127247163832000 Not Found: /static/admin/css/dark_mode.css
WARNING 2026-07-08 13:32:53,575 log 36833 127247155439296 Not Found: /static/admin/css/nav_sidebar.css
WARNING 2026-07-08 13:32:53,575 basehttp 36833 127247172224704 "GET /static/admin/css/base.css HTTP/1.1" 404 179
WARNING 2026-07-08 13:32:53,576 log 36833 127247147046592 Not Found: /static/admin/css/login.css
WARNING 2026-07-08 13:32:53,577 log 36833 127246861858496 Not Found: /static/admin/css/responsive.css
WARNING 2026-07-08 13:32:53,578 basehttp 36833 127247155439296 "GET /static/admin/css/nav_sidebar.css HTTP/1.1" 404 179
WARNING 2026-07-08 13:32:53,578 log 36833 127246853465792 Not Found: /static/admin/js/theme.js
WARNING 2026-07-08 13:32:53,577 basehttp 36833 127247163832000 "GET /static/admin/css/dark_mode.css HTTP/1.1" 404 179
WARNING 2026-07-08 13:32:53,579 basehttp 36833 127247147046592 "GET /static/admin/css/login.css HTTP/1.1" 404 179
WARNING 2026-07-08 13:32:53,579 basehttp 36833 127246861858496 "GET /static/admin/css/responsive.css HTTP/1.1" 404 179
WARNING 2026-07-08 13:32:53,579 basehttp 36833 127246853465792 "GET /static/admin/js/theme.js HTTP/1.1" 404 179
WARNING 2026-07-08 13:32:53,587 log 36833 127246853465792 Not Found: /static/admin/js/nav_sidebar.js
WARNING 2026-07-08 13:32:53,588 basehttp 36833 127246853465792 "GET /static/admin/js/nav_sidebar.js HTTP/1.1" 404 179
WARNING 2026-07-08 13:32:53,619 log 36833 127247172224704 Not Found: /static/admin/css/nav_sidebar.css
WARNING 2026-07-08 13:32:53,620 log 36833 127247147046592 Not Found: /static/admin/css/responsive.css
WARNING 2026-07-08 13:32:53,620 basehttp 36833 127247172224704 "GET /static/admin/css/nav_sidebar.css HTTP/1.1" 404 179
WARNING 2026-07-08 13:32:53,619 log 36833 127246861858496 Not Found: /static/admin/css/login.css
WARNING 2026-07-08 13:32:53,620 basehttp 36833 127246861858496 "GET /static/admin/css/login.css HTTP/1.1" 404 179
WARNING 2026-07-08 13:32:53,620 basehttp 36833 127247147046592 "GET /static/admin/css/responsive.css HTTP/1.1" 404 179
INFO 2026-07-08 13:33:02,567 basehttp 36833 127246861858496 "POST /admin/login/?next=/admin/ HTTP/1.1" 200 4339
WARNING 2026-07-08 13:33:02,574 log 36833 127246861858496 Not Found: /static/admin/css/base.css
WARNING 2026-07-08 13:33:02,575 log 36833 127247172224704 Not Found: /static/admin/css/dark_mode.css
WARNING 2026-07-08 13:33:02,575 log 36833 127247147046592 Not Found: /static/admin/css/nav_sidebar.css
WARNING 2026-07-08 13:33:02,576 log 36833 127247155439296 Not Found: /static/admin/css/login.css
WARNING 2026-07-08 13:33:02,576 log 36833 127247163832000 Not Found: /static/admin/css/responsive.css
WARNING 2026-07-08 13:33:02,577 log 36833 127246853465792 Not Found: /static/admin/js/theme.js
WARNING 2026-07-08 13:33:02,577 basehttp 36833 127246861858496 "GET /static/admin/css/base.css HTTP/1.1" 404 179
WARNING 2026-07-08 13:33:02,578 basehttp 36833 127247163832000 "GET /static/admin/css/responsive.css HTTP/1.1" 404 179
WARNING 2026-07-08 13:33:02,578 basehttp 36833 127247155439296 "GET /static/admin/css/login.css HTTP/1.1" 404 179
WARNING 2026-07-08 13:33:02,578 basehttp 36833 127246853465792 "GET /static/admin/js/theme.js HTTP/1.1" 404 179
WARNING 2026-07-08 13:33:02,578 basehttp 36833 127247147046592 "GET /static/admin/css/nav_sidebar.css HTTP/1.1" 404 179
WARNING 2026-07-08 13:33:02,577 basehttp 36833 127247172224704 "GET /static/admin/css/dark_mode.css HTTP/1.1" 404 179
WARNING 2026-07-08 13:33:02,588 log 36833 127246853465792 Not Found: /static/admin/js/nav_sidebar.js
WARNING 2026-07-08 13:33:02,588 basehttp 36833 127246853465792 "GET /static/admin/js/nav_sidebar.js HTTP/1.1" 404 179
WARNING 2026-07-08 13:33:02,621 log 36833 127246861858496 Not Found: /static/admin/css/nav_sidebar.css
WARNING 2026-07-08 13:33:02,622 log 36833 127247155439296 Not Found: /static/admin/css/responsive.css
WARNING 2026-07-08 13:33:02,621 log 36833 127247163832000 Not Found: /static/admin/css/login.css
WARNING 2026-07-08 13:33:02,622 basehttp 36833 127246861858496 "GET /static/admin/css/nav_sidebar.css HTTP/1.1" 404 179
WARNING 2026-07-08 13:33:02,622 basehttp 36833 127247155439296 "GET /static/admin/css/responsive.css HTTP/1.1" 404 179
WARNING 2026-07-08 13:33:02,622 basehttp 36833 127247163832000 "GET /static/admin/css/login.css HTTP/1.1" 404 179
INFO 2026-07-08 13:33:10,263 basehttp 36833 127246861858496 "POST /admin/login/?next=/admin/ HTTP/1.1" 200 4339
WARNING 2026-07-08 13:33:10,270 log 36833 127246861858496 Not Found: /static/admin/css/base.css
WARNING 2026-07-08 13:33:10,271 log 36833 127246853465792 Not Found: /static/admin/css/dark_mode.css
WARNING 2026-07-08 13:33:10,272 log 36833 127247155439296 Not Found: /static/admin/css/nav_sidebar.css
WARNING 2026-07-08 13:33:10,272 log 36833 127247147046592 Not Found: /static/admin/css/login.css
WARNING 2026-07-08 13:33:10,273 log 36833 127247172224704 Not Found: /static/admin/css/responsive.css
WARNING 2026-07-08 13:33:10,273 log 36833 127247163832000 Not Found: /static/admin/js/theme.js
WARNING 2026-07-08 13:33:10,274 basehttp 36833 127246861858496 "GET /static/admin/css/base.css HTTP/1.1" 404 179
WARNING 2026-07-08 13:33:10,274 basehttp 36833 127246853465792 "GET /static/admin/css/dark_mode.css HTTP/1.1" 404 179
WARNING 2026-07-08 13:33:10,274 basehttp 36833 127247155439296 "GET /static/admin/css/nav_sidebar.css HTTP/1.1" 404 179
WARNING 2026-07-08 13:33:10,275 basehttp 36833 127247163832000 "GET /static/admin/js/theme.js HTTP/1.1" 404 179
WARNING 2026-07-08 13:33:10,275 basehttp 36833 127247172224704 "GET /static/admin/css/responsive.css HTTP/1.1" 404 179
WARNING 2026-07-08 13:33:10,275 basehttp 36833 127247147046592 "GET /static/admin/css/login.css HTTP/1.1" 404 179
WARNING 2026-07-08 13:33:10,283 log 36833 127247163832000 Not Found: /static/admin/js/nav_sidebar.js
WARNING 2026-07-08 13:33:10,284 basehttp 36833 127247163832000 "GET /static/admin/js/nav_sidebar.js HTTP/1.1" 404 179
WARNING 2026-07-08 13:33:10,317 log 36833 127246861858496 Not Found: /static/admin/css/nav_sidebar.css
WARNING 2026-07-08 13:33:10,318 log 36833 127247172224704 Not Found: /static/admin/css/login.css
WARNING 2026-07-08 13:33:10,318 log 36833 127247147046592 Not Found: /static/admin/css/responsive.css
WARNING 2026-07-08 13:33:10,318 basehttp 36833 127246861858496 "GET /static/admin/css/nav_sidebar.css HTTP/1.1" 404 179
WARNING 2026-07-08 13:33:10,319 basehttp 36833 127247172224704 "GET /static/admin/css/login.css HTTP/1.1" 404 179
WARNING 2026-07-08 13:33:10,319 basehttp 36833 127247147046592 "GET /static/admin/css/responsive.css HTTP/1.1" 404 179
INFO 2026-07-08 13:36:14,022 basehttp 36833 127246845073088 "OPTIONS /api/bank-accounts/ HTTP/1.1" 200 0
INFO 2026-07-08 13:36:14,022 basehttp 36833 127246836680384 "OPTIONS /api/bank-accounts/ HTTP/1.1" 200 0
INFO 2026-07-08 13:36:14,733 basehttp 36833 127246845073088 "GET /api/bank-accounts/ HTTP/1.1" 200 929
INFO 2026-07-08 13:36:15,487 basehttp 36833 127246845073088 "GET /api/bank-accounts/ HTTP/1.1" 200 929
INFO 2026-07-08 13:36:21,455 basehttp 36833 127246845073088 "GET /api/bank-accounts/ HTTP/1.1" 200 929
INFO 2026-07-08 13:36:23,047 basehttp 36833 127246836680384 "GET /api/bank-accounts/ HTTP/1.1" 200 929
INFO 2026-07-08 13:36:24,007 basehttp 36833 127246836680384 "GET /api/bank-accounts/ HTTP/1.1" 200 929
INFO 2026-07-08 14:00:00,682 tasks 36770 132296255566336 Checking for failed tasks...
INFO 2026-07-08 15:00:00,740 tasks 36770 132296255566336 Checking for failed tasks...
INFO 2026-07-08 16:10:58,936 basehttp 36833 127246836680384 "OPTIONS /api/bank-accounts/ HTTP/1.1" 200 0
INFO 2026-07-08 16:10:58,936 basehttp 36833 127246845073088 "OPTIONS /api/bank-accounts/ HTTP/1.1" 200 0
ERROR 2026-07-08 16:10:59,044 log 36833 127246836680384 Internal Server Error: /api/bank-accounts/
Traceback (most recent call last):
  File "/home/jiteshai-web/AccountsDashboard_backend/env/lib/python3.14/site-packages/django/db/backends/base/base.py", line 279, in ensure_connection
    self.connect()
    ~~~~~~~~~~~~^^
  File "/home/jiteshai-web/AccountsDashboard_backend/env/lib/python3.14/site-packages/django/utils/asyncio.py", line 26, in inner
    return func(*args, **kwargs)
  File "/home/jiteshai-web/AccountsDashboard_backend/env/lib/python3.14/site-packages/django/db/backends/base/base.py", line 256, in connect
    self.connection = self.get_new_connection(conn_params)
                      ~~~~~~~~~~~~~~~~~~~~~~~^^^^^^^^^^^^^
  File "/home/jiteshai-web/AccountsDashboard_backend/env/lib/python3.14/site-packages/django/utils/asyncio.py", line 26, in inner
    return func(*args, **kwargs)
  File "/home/jiteshai-web/AccountsDashboard_backend/env/lib/python3.14/site-packages/django/db/backends/postgresql/base.py", line 332, in get_new_connection
    connection = self.Database.connect(**conn_params)
  File "/home/jiteshai-web/AccountsDashboard_backend/env/lib/python3.14/site-packages/psycopg2/__init__.py", line 122, in connect
    conn = _connect(dsn, connection_factory=connection_factory, **kwasync)
psycopg2.OperationalError: could not translate host name "vertoxlabsdb.postgres.database.azure.com" to address: Name or service not known


The above exception was the direct cause of the following exception:

Traceback (most recent call last):
  File "/home/jiteshai-web/AccountsDashboard_backend/env/lib/python3.14/site-packages/django/core/handlers/exception.py", line 55, in inner
    response = get_response(request)
  File "/home/jiteshai-web/AccountsDashboard_backend/env/lib/python3.14/site-packages/django/core/handlers/base.py", line 197, in _get_response
    response = wrapped_callback(request, *callback_args, **callback_kwargs)
  File "/home/jiteshai-web/AccountsDashboard_backend/env/lib/python3.14/site-packages/django/views/decorators/csrf.py", line 65, in _view_wrapper
    return view_func(request, *args, **kwargs)
  File "/home/jiteshai-web/AccountsDashboard_backend/env/lib/python3.14/site-packages/django/views/generic/base.py", line 105, in view
    return self.dispatch(request, *args, **kwargs)
           ~~~~~~~~~~~~~^^^^^^^^^^^^^^^^^^^^^^^^^^
  File "/home/jiteshai-web/AccountsDashboard_backend/env/lib/python3.14/site-packages/rest_framework/views.py", line 515, in dispatch
    response = self.handle_exception(exc)
  File "/home/jiteshai-web/AccountsDashboard_backend/env/lib/python3.14/site-packages/rest_framework/views.py", line 475, in handle_exception
    self.raise_uncaught_exception(exc)
    ~~~~~~~~~~~~~~~~~~~~~~~~~~~~~^^^^^
  File "/home/jiteshai-web/AccountsDashboard_backend/env/lib/python3.14/site-packages/rest_framework/views.py", line 486, in raise_uncaught_exception
    raise exc
  File "/home/jiteshai-web/AccountsDashboard_backend/env/lib/python3.14/site-packages/rest_framework/views.py", line 503, in dispatch
    self.initial(request, *args, **kwargs)
    ~~~~~~~~~~~~^^^^^^^^^^^^^^^^^^^^^^^^^^
  File "/home/jiteshai-web/AccountsDashboard_backend/env/lib/python3.14/site-packages/rest_framework/views.py", line 420, in initial
    self.perform_authentication(request)
    ~~~~~~~~~~~~~~~~~~~~~~~~~~~^^^^^^^^^
  File "/home/jiteshai-web/AccountsDashboard_backend/env/lib/python3.14/site-packages/rest_framework/views.py", line 330, in perform_authentication
    request.user
  File "/home/jiteshai-web/AccountsDashboard_backend/env/lib/python3.14/site-packages/rest_framework/request.py", line 232, in user
    self._authenticate()
    ~~~~~~~~~~~~~~~~~~^^
  File "/home/jiteshai-web/AccountsDashboard_backend/env/lib/python3.14/site-packages/rest_framework/request.py", line 385, in _authenticate
    user_auth_tuple = authenticator.authenticate(self)
  File "/home/jiteshai-web/AccountsDashboard_backend/env/lib/python3.14/site-packages/rest_framework_simplejwt/authentication.py", line 51, in authenticate
    return self.get_user(validated_token), validated_token
           ~~~~~~~~~~~~~^^^^^^^^^^^^^^^^^
  File "/home/jiteshai-web/AccountsDashboard_backend/env/lib/python3.14/site-packages/rest_framework_simplejwt/authentication.py", line 132, in get_user
    user = self.user_model.objects.get(**{api_settings.USER_ID_FIELD: user_id})
  File "/home/jiteshai-web/AccountsDashboard_backend/env/lib/python3.14/site-packages/django/db/models/manager.py", line 87, in manager_method
    return getattr(self.get_queryset(), name)(*args, **kwargs)
           ~~~~~~~~~~~~~~~~~~~~~~~~~~~~~~~~~~^^^^^^^^^^^^^^^^^
  File "/home/jiteshai-web/AccountsDashboard_backend/env/lib/python3.14/site-packages/django/db/models/query.py", line 631, in get
    num = len(clone)
  File "/home/jiteshai-web/AccountsDashboard_backend/env/lib/python3.14/site-packages/django/db/models/query.py", line 368, in __len__
    self._fetch_all()
    ~~~~~~~~~~~~~~~^^
  File "/home/jiteshai-web/AccountsDashboard_backend/env/lib/python3.14/site-packages/django/db/models/query.py", line 1954, in _fetch_all
    self._result_cache = list(self._iterable_class(self))
                         ~~~~^^^^^^^^^^^^^^^^^^^^^^^^^^^^
  File "/home/jiteshai-web/AccountsDashboard_backend/env/lib/python3.14/site-packages/django/db/models/query.py", line 93, in __iter__
    results = compiler.execute_sql(
        chunked_fetch=self.chunked_fetch, chunk_size=self.chunk_size
    )
  File "/home/jiteshai-web/AccountsDashboard_backend/env/lib/python3.14/site-packages/django/db/models/sql/compiler.py", line 1621, in execute_sql
    cursor = self.connection.cursor()
  File "/home/jiteshai-web/AccountsDashboard_backend/env/lib/python3.14/site-packages/django/utils/asyncio.py", line 26, in inner
    return func(*args, **kwargs)
  File "/home/jiteshai-web/AccountsDashboard_backend/env/lib/python3.14/site-packages/django/db/backends/base/base.py", line 320, in cursor
    return self._cursor()
           ~~~~~~~~~~~~^^
  File "/home/jiteshai-web/AccountsDashboard_backend/env/lib/python3.14/site-packages/django/db/backends/base/base.py", line 296, in _cursor
    self.ensure_connection()
    ~~~~~~~~~~~~~~~~~~~~~~^^
  File "/home/jiteshai-web/AccountsDashboard_backend/env/lib/python3.14/site-packages/django/utils/asyncio.py", line 26, in inner
    return func(*args, **kwargs)
  File "/home/jiteshai-web/AccountsDashboard_backend/env/lib/python3.14/site-packages/django/db/backends/base/base.py", line 278, in ensure_connection
    with self.wrap_database_errors:
         ^^^^^^^^^^^^^^^^^^^^^^^^^
  File "/home/jiteshai-web/AccountsDashboard_backend/env/lib/python3.14/site-packages/django/db/utils.py", line 91, in __exit__
    raise dj_exc_value.with_traceback(traceback) from exc_value
  File "/home/jiteshai-web/AccountsDashboard_backend/env/lib/python3.14/site-packages/django/db/backends/base/base.py", line 279, in ensure_connection
    self.connect()
    ~~~~~~~~~~~~^^
  File "/home/jiteshai-web/AccountsDashboard_backend/env/lib/python3.14/site-packages/django/utils/asyncio.py", line 26, in inner
    return func(*args, **kwargs)
  File "/home/jiteshai-web/AccountsDashboard_backend/env/lib/python3.14/site-packages/django/db/backends/base/base.py", line 256, in connect
    self.connection = self.get_new_connection(conn_params)
                      ~~~~~~~~~~~~~~~~~~~~~~~^^^^^^^^^^^^^
  File "/home/jiteshai-web/AccountsDashboard_backend/env/lib/python3.14/site-packages/django/utils/asyncio.py", line 26, in inner
    return func(*args, **kwargs)
  File "/home/jiteshai-web/AccountsDashboard_backend/env/lib/python3.14/site-packages/django/db/backends/postgresql/base.py", line 332, in get_new_connection
    connection = self.Database.connect(**conn_params)
  File "/home/jiteshai-web/AccountsDashboard_backend/env/lib/python3.14/site-packages/psycopg2/__init__.py", line 122, in connect
    conn = _connect(dsn, connection_factory=connection_factory, **kwasync)
django.db.utils.OperationalError: could not translate host name "vertoxlabsdb.postgres.database.azure.com" to address: Name or service not known

ERROR 2026-07-08 16:10:59,049 basehttp 36833 127246836680384 "GET /api/bank-accounts/ HTTP/1.1" 500 145
ERROR 2026-07-08 16:10:59,176 log 36833 127246836680384 Internal Server Error: /api/bank-accounts/
Traceback (most recent call last):
  File "/home/jiteshai-web/AccountsDashboard_backend/env/lib/python3.14/site-packages/django/db/backends/base/base.py", line 279, in ensure_connection
    self.connect()
    ~~~~~~~~~~~~^^
  File "/home/jiteshai-web/AccountsDashboard_backend/env/lib/python3.14/site-packages/django/utils/asyncio.py", line 26, in inner
    return func(*args, **kwargs)
  File "/home/jiteshai-web/AccountsDashboard_backend/env/lib/python3.14/site-packages/django/db/backends/base/base.py", line 256, in connect
    self.connection = self.get_new_connection(conn_params)
                      ~~~~~~~~~~~~~~~~~~~~~~~^^^^^^^^^^^^^
  File "/home/jiteshai-web/AccountsDashboard_backend/env/lib/python3.14/site-packages/django/utils/asyncio.py", line 26, in inner
    return func(*args, **kwargs)
  File "/home/jiteshai-web/AccountsDashboard_backend/env/lib/python3.14/site-packages/django/db/backends/postgresql/base.py", line 332, in get_new_connection
    connection = self.Database.connect(**conn_params)
  File "/home/jiteshai-web/AccountsDashboard_backend/env/lib/python3.14/site-packages/psycopg2/__init__.py", line 122, in connect
    conn = _connect(dsn, connection_factory=connection_factory, **kwasync)
psycopg2.OperationalError: could not translate host name "vertoxlabsdb.postgres.database.azure.com" to address: Name or service not known


The above exception was the direct cause of the following exception:

Traceback (most recent call last):
  File "/home/jiteshai-web/AccountsDashboard_backend/env/lib/python3.14/site-packages/django/core/handlers/exception.py", line 55, in inner
    response = get_response(request)
  File "/home/jiteshai-web/AccountsDashboard_backend/env/lib/python3.14/site-packages/django/core/handlers/base.py", line 197, in _get_response
    response = wrapped_callback(request, *callback_args, **callback_kwargs)
  File "/home/jiteshai-web/AccountsDashboard_backend/env/lib/python3.14/site-packages/django/views/decorators/csrf.py", line 65, in _view_wrapper
    return view_func(request, *args, **kwargs)
  File "/home/jiteshai-web/AccountsDashboard_backend/env/lib/python3.14/site-packages/django/views/generic/base.py", line 105, in view
    return self.dispatch(request, *args, **kwargs)
           ~~~~~~~~~~~~~^^^^^^^^^^^^^^^^^^^^^^^^^^
  File "/home/jiteshai-web/AccountsDashboard_backend/env/lib/python3.14/site-packages/rest_framework/views.py", line 515, in dispatch
    response = self.handle_exception(exc)
  File "/home/jiteshai-web/AccountsDashboard_backend/env/lib/python3.14/site-packages/rest_framework/views.py", line 475, in handle_exception
    self.raise_uncaught_exception(exc)
    ~~~~~~~~~~~~~~~~~~~~~~~~~~~~~^^^^^
  File "/home/jiteshai-web/AccountsDashboard_backend/env/lib/python3.14/site-packages/rest_framework/views.py", line 486, in raise_uncaught_exception
    raise exc
  File "/home/jiteshai-web/AccountsDashboard_backend/env/lib/python3.14/site-packages/rest_framework/views.py", line 503, in dispatch
    self.initial(request, *args, **kwargs)
    ~~~~~~~~~~~~^^^^^^^^^^^^^^^^^^^^^^^^^^
  File "/home/jiteshai-web/AccountsDashboard_backend/env/lib/python3.14/site-packages/rest_framework/views.py", line 420, in initial
    self.perform_authentication(request)
    ~~~~~~~~~~~~~~~~~~~~~~~~~~~^^^^^^^^^
  File "/home/jiteshai-web/AccountsDashboard_backend/env/lib/python3.14/site-packages/rest_framework/views.py", line 330, in perform_authentication
    request.user
  File "/home/jiteshai-web/AccountsDashboard_backend/env/lib/python3.14/site-packages/rest_framework/request.py", line 232, in user
    self._authenticate()
    ~~~~~~~~~~~~~~~~~~^^
  File "/home/jiteshai-web/AccountsDashboard_backend/env/lib/python3.14/site-packages/rest_framework/request.py", line 385, in _authenticate
    user_auth_tuple = authenticator.authenticate(self)
  File "/home/jiteshai-web/AccountsDashboard_backend/env/lib/python3.14/site-packages/rest_framework_simplejwt/authentication.py", line 51, in authenticate
    return self.get_user(validated_token), validated_token
           ~~~~~~~~~~~~~^^^^^^^^^^^^^^^^^
  File "/home/jiteshai-web/AccountsDashboard_backend/env/lib/python3.14/site-packages/rest_framework_simplejwt/authentication.py", line 132, in get_user
    user = self.user_model.objects.get(**{api_settings.USER_ID_FIELD: user_id})
  File "/home/jiteshai-web/AccountsDashboard_backend/env/lib/python3.14/site-packages/django/db/models/manager.py", line 87, in manager_method
    return getattr(self.get_queryset(), name)(*args, **kwargs)
           ~~~~~~~~~~~~~~~~~~~~~~~~~~~~~~~~~~^^^^^^^^^^^^^^^^^
  File "/home/jiteshai-web/AccountsDashboard_backend/env/lib/python3.14/site-packages/django/db/models/query.py", line 631, in get
    num = len(clone)
  File "/home/jiteshai-web/AccountsDashboard_backend/env/lib/python3.14/site-packages/django/db/models/query.py", line 368, in __len__
    self._fetch_all()
    ~~~~~~~~~~~~~~~^^
  File "/home/jiteshai-web/AccountsDashboard_backend/env/lib/python3.14/site-packages/django/db/models/query.py", line 1954, in _fetch_all
    self._result_cache = list(self._iterable_class(self))
                         ~~~~^^^^^^^^^^^^^^^^^^^^^^^^^^^^
  File "/home/jiteshai-web/AccountsDashboard_backend/env/lib/python3.14/site-packages/django/db/models/query.py", line 93, in __iter__
    results = compiler.execute_sql(
        chunked_fetch=self.chunked_fetch, chunk_size=self.chunk_size
    )
  File "/home/jiteshai-web/AccountsDashboard_backend/env/lib/python3.14/site-packages/django/db/models/sql/compiler.py", line 1621, in execute_sql
    cursor = self.connection.cursor()
  File "/home/jiteshai-web/AccountsDashboard_backend/env/lib/python3.14/site-packages/django/utils/asyncio.py", line 26, in inner
    return func(*args, **kwargs)
  File "/home/jiteshai-web/AccountsDashboard_backend/env/lib/python3.14/site-packages/django/db/backends/base/base.py", line 320, in cursor
    return self._cursor()
           ~~~~~~~~~~~~^^
  File "/home/jiteshai-web/AccountsDashboard_backend/env/lib/python3.14/site-packages/django/db/backends/base/base.py", line 296, in _cursor
    self.ensure_connection()
    ~~~~~~~~~~~~~~~~~~~~~~^^
  File "/home/jiteshai-web/AccountsDashboard_backend/env/lib/python3.14/site-packages/django/utils/asyncio.py", line 26, in inner
    return func(*args, **kwargs)
  File "/home/jiteshai-web/AccountsDashboard_backend/env/lib/python3.14/site-packages/django/db/backends/base/base.py", line 278, in ensure_connection
    with self.wrap_database_errors:
         ^^^^^^^^^^^^^^^^^^^^^^^^^
  File "/home/jiteshai-web/AccountsDashboard_backend/env/lib/python3.14/site-packages/django/db/utils.py", line 91, in __exit__
    raise dj_exc_value.with_traceback(traceback) from exc_value
  File "/home/jiteshai-web/AccountsDashboard_backend/env/lib/python3.14/site-packages/django/db/backends/base/base.py", line 279, in ensure_connection
    self.connect()
    ~~~~~~~~~~~~^^
  File "/home/jiteshai-web/AccountsDashboard_backend/env/lib/python3.14/site-packages/django/utils/asyncio.py", line 26, in inner
    return func(*args, **kwargs)
  File "/home/jiteshai-web/AccountsDashboard_backend/env/lib/python3.14/site-packages/django/db/backends/base/base.py", line 256, in connect
    self.connection = self.get_new_connection(conn_params)
                      ~~~~~~~~~~~~~~~~~~~~~~~^^^^^^^^^^^^^
  File "/home/jiteshai-web/AccountsDashboard_backend/env/lib/python3.14/site-packages/django/utils/asyncio.py", line 26, in inner
    return func(*args, **kwargs)
  File "/home/jiteshai-web/AccountsDashboard_backend/env/lib/python3.14/site-packages/django/db/backends/postgresql/base.py", line 332, in get_new_connection
    connection = self.Database.connect(**conn_params)
  File "/home/jiteshai-web/AccountsDashboard_backend/env/lib/python3.14/site-packages/psycopg2/__init__.py", line 122, in connect
    conn = _connect(dsn, connection_factory=connection_factory, **kwasync)
django.db.utils.OperationalError: could not translate host name "vertoxlabsdb.postgres.database.azure.com" to address: Name or service not known

ERROR 2026-07-08 16:10:59,179 basehttp 36833 127246836680384 "GET /api/bank-accounts/ HTTP/1.1" 500 145
WARNING 2026-07-08 16:56:02,861 log 36833 127246845073088 Unauthorized: /api/reconciliation/transactions/
WARNING 2026-07-08 16:56:02,861 basehttp 36833 127246845073088 "GET /api/reconciliation/transactions/ HTTP/1.1" 401 172
INFO 2026-07-08 17:36:52,148 autoreload 36833 127248072618496 /home/jiteshai-web/AccountsDashboard_backend/accounts/banklist/admin.py changed, reloading.
INFO 2026-07-08 17:36:52,880 autoreload 67534 137266734543360 Watching for file changes with StatReloader
INFO 2026-07-08 17:57:45,992 autoreload 71899 134745573118464 Watching for file changes with StatReloader
WARNING 2026-07-08 17:57:48,910 log 71899 134744789481152 Not Found: /
WARNING 2026-07-08 17:57:48,910 basehttp 71899 134744789481152 "GET / HTTP/1.1" 404 179
INFO 2026-07-08 17:58:07,959 basehttp 71899 134744778991296 "GET /admin/ HTTP/1.1" 302 0
INFO 2026-07-08 17:58:07,971 basehttp 71899 134744778991296 "GET /admin/login/?next=/admin/ HTTP/1.1" 200 4174
WARNING 2026-07-08 17:58:08,018 log 71899 134744778991296 Not Found: /static/admin/css/base.css
WARNING 2026-07-08 17:58:08,019 log 71899 134744770598592 Not Found: /static/admin/css/dark_mode.css
WARNING 2026-07-08 17:58:08,020 log 71899 134744762205888 Not Found: /static/admin/css/nav_sidebar.css
WARNING 2026-07-08 17:58:08,022 log 71899 134744753813184 Not Found: /static/admin/css/login.css
WARNING 2026-07-08 17:58:08,023 log 71899 134744745420480 Not Found: /static/admin/css/responsive.css
WARNING 2026-07-08 17:58:08,022 basehttp 71899 134744778991296 "GET /static/admin/css/base.css HTTP/1.1" 404 179
WARNING 2026-07-08 17:58:08,024 basehttp 71899 134744762205888 "GET /static/admin/css/nav_sidebar.css HTTP/1.1" 404 179
WARNING 2026-07-08 17:58:08,023 basehttp 71899 134744770598592 "GET /static/admin/css/dark_mode.css HTTP/1.1" 404 179
WARNING 2026-07-08 17:58:08,025 basehttp 71899 134744753813184 "GET /static/admin/css/login.css HTTP/1.1" 404 179
WARNING 2026-07-08 17:58:08,025 basehttp 71899 134744745420480 "GET /static/admin/css/responsive.css HTTP/1.1" 404 179
WARNING 2026-07-08 17:58:08,025 log 71899 134744398362304 Not Found: /static/admin/js/theme.js
WARNING 2026-07-08 17:58:08,026 basehttp 71899 134744398362304 "GET /static/admin/js/theme.js HTTP/1.1" 404 179
WARNING 2026-07-08 17:58:08,032 log 71899 134744398362304 Not Found: /static/admin/js/nav_sidebar.js
WARNING 2026-07-08 17:58:08,033 basehttp 71899 134744398362304 "GET /static/admin/js/nav_sidebar.js HTTP/1.1" 404 179
WARNING 2026-07-08 17:58:08,063 log 71899 134744778991296 Not Found: /static/admin/css/nav_sidebar.css
WARNING 2026-07-08 17:58:08,064 log 71899 134744753813184 Not Found: /static/admin/css/responsive.css
WARNING 2026-07-08 17:58:08,064 log 71899 134744745420480 Not Found: /static/admin/css/login.css
WARNING 2026-07-08 17:58:08,065 basehttp 71899 134744753813184 "GET /static/admin/css/responsive.css HTTP/1.1" 404 179
WARNING 2026-07-08 17:58:08,065 basehttp 71899 134744778991296 "GET /static/admin/css/nav_sidebar.css HTTP/1.1" 404 179
WARNING 2026-07-08 17:58:08,065 basehttp 71899 134744745420480 "GET /static/admin/css/login.css HTTP/1.1" 404 179
WARNING 2026-07-08 17:58:08,119 log 71899 134744745420480 Not Found: /favicon.ico
WARNING 2026-07-08 17:58:08,119 basehttp 71899 134744745420480 "GET /favicon.ico HTTP/1.1" 404 179
INFO 2026-07-08 17:58:19,799 basehttp 71899 134744745420480 "POST /admin/login/?next=/admin/ HTTP/1.1" 200 4342
WARNING 2026-07-08 17:58:19,805 log 71899 134744745420480 Not Found: /static/admin/css/base.css
WARNING 2026-07-08 17:58:19,806 log 71899 134744778991296 Not Found: /static/admin/css/dark_mode.css
WARNING 2026-07-08 17:58:19,808 log 71899 134744770598592 Not Found: /static/admin/css/responsive.css
WARNING 2026-07-08 17:58:19,808 log 71899 134744753813184 Not Found: /static/admin/js/theme.js
WARNING 2026-07-08 17:58:19,807 log 71899 134744398362304 Not Found: /static/admin/css/nav_sidebar.css
WARNING 2026-07-08 17:58:19,809 basehttp 71899 134744745420480 "GET /static/admin/css/base.css HTTP/1.1" 404 179
WARNING 2026-07-08 17:58:19,809 basehttp 71899 134744778991296 "GET /static/admin/css/dark_mode.css HTTP/1.1" 404 179
WARNING 2026-07-08 17:58:19,807 log 71899 134744762205888 Not Found: /static/admin/css/login.css
WARNING 2026-07-08 17:58:19,810 basehttp 71899 134744753813184 "GET /static/admin/js/theme.js HTTP/1.1" 404 179
WARNING 2026-07-08 17:58:19,809 basehttp 71899 134744770598592 "GET /static/admin/css/responsive.css HTTP/1.1" 404 179
WARNING 2026-07-08 17:58:19,810 basehttp 71899 134744398362304 "GET /static/admin/css/nav_sidebar.css HTTP/1.1" 404 179
WARNING 2026-07-08 17:58:19,810 basehttp 71899 134744762205888 "GET /static/admin/css/login.css HTTP/1.1" 404 179
WARNING 2026-07-08 17:58:19,821 log 71899 134744753813184 Not Found: /static/admin/js/nav_sidebar.js
WARNING 2026-07-08 17:58:19,821 basehttp 71899 134744753813184 "GET /static/admin/js/nav_sidebar.js HTTP/1.1" 404 179
WARNING 2026-07-08 17:58:19,853 log 71899 134744745420480 Not Found: /static/admin/css/nav_sidebar.css
WARNING 2026-07-08 17:58:19,854 log 71899 134744398362304 Not Found: /static/admin/css/responsive.css
WARNING 2026-07-08 17:58:19,854 log 71899 134744762205888 Not Found: /static/admin/css/login.css
WARNING 2026-07-08 17:58:19,855 basehttp 71899 134744745420480 "GET /static/admin/css/nav_sidebar.css HTTP/1.1" 404 179
WARNING 2026-07-08 17:58:19,855 basehttp 71899 134744398362304 "GET /static/admin/css/responsive.css HTTP/1.1" 404 179
WARNING 2026-07-08 17:58:19,855 basehttp 71899 134744762205888 "GET /static/admin/css/login.css HTTP/1.1" 404 179
INFO 2026-07-08 17:58:39,995 basehttp 71899 134744745420480 "POST /admin/login/?next=/admin/ HTTP/1.1" 302 0
INFO 2026-07-08 17:58:40,020 basehttp 71899 134744745420480 "GET /admin/ HTTP/1.1" 200 20323
WARNING 2026-07-08 17:58:40,068 log 71899 134744745420480 Not Found: /static/admin/css/base.css
WARNING 2026-07-08 17:58:40,069 log 71899 134744753813184 Not Found: /static/admin/css/dark_mode.css
WARNING 2026-07-08 17:58:40,070 log 71899 134744398362304 Not Found: /static/admin/css/nav_sidebar.css
WARNING 2026-07-08 17:58:40,071 log 71899 134744762205888 Not Found: /static/admin/js/theme.js
WARNING 2026-07-08 17:58:40,071 log 71899 134744778991296 Not Found: /static/admin/css/responsive.css
WARNING 2026-07-08 17:58:40,072 basehttp 71899 134744745420480 "GET /static/admin/css/base.css HTTP/1.1" 404 179
WARNING 2026-07-08 17:58:40,070 log 71899 134744770598592 Not Found: /static/admin/css/dashboard.css
WARNING 2026-07-08 17:58:40,073 basehttp 71899 134744762205888 "GET /static/admin/js/theme.js HTTP/1.1" 404 179
WARNING 2026-07-08 17:58:40,073 basehttp 71899 134744398362304 "GET /static/admin/css/nav_sidebar.css HTTP/1.1" 404 179
WARNING 2026-07-08 17:58:40,073 basehttp 71899 134744778991296 "GET /static/admin/css/responsive.css HTTP/1.1" 404 179
WARNING 2026-07-08 17:58:40,072 basehttp 71899 134744753813184 "GET /static/admin/css/dark_mode.css HTTP/1.1" 404 179
WARNING 2026-07-08 17:58:40,074 basehttp 71899 134744770598592 "GET /static/admin/css/dashboard.css HTTP/1.1" 404 179
WARNING 2026-07-08 17:58:40,083 log 71899 134744762205888 Not Found: /static/admin/js/nav_sidebar.js
WARNING 2026-07-08 17:58:40,083 basehttp 71899 134744762205888 "GET /static/admin/js/nav_sidebar.js HTTP/1.1" 404 179
WARNING 2026-07-08 17:58:40,116 log 71899 134744745420480 Not Found: /static/admin/css/nav_sidebar.css
WARNING 2026-07-08 17:58:40,117 log 71899 134744778991296 Not Found: /static/admin/css/responsive.css
WARNING 2026-07-08 17:58:40,117 log 71899 134744770598592 Not Found: /static/admin/css/dashboard.css
WARNING 2026-07-08 17:58:40,117 basehttp 71899 134744745420480 "GET /static/admin/css/nav_sidebar.css HTTP/1.1" 404 179
WARNING 2026-07-08 17:58:40,118 basehttp 71899 134744778991296 "GET /static/admin/css/responsive.css HTTP/1.1" 404 179
WARNING 2026-07-08 17:58:40,118 basehttp 71899 134744770598592 "GET /static/admin/css/dashboard.css HTTP/1.1" 404 179
INFO 2026-07-08 17:59:01,969 basehttp 71899 134744745420480 "GET /admin/banklist/bankaccount/ HTTP/1.1" 200 18414
WARNING 2026-07-08 17:59:01,975 log 71899 134744745420480 Not Found: /static/admin/css/base.css
WARNING 2026-07-08 17:59:01,976 log 71899 134744778991296 Not Found: /static/admin/css/nav_sidebar.css
WARNING 2026-07-08 17:59:01,977 log 71899 134744398362304 Not Found: /static/admin/css/changelists.css
WARNING 2026-07-08 17:59:01,976 log 71899 134744762205888 Not Found: /static/admin/css/dark_mode.css
WARNING 2026-07-08 17:59:01,977 log 71899 134744770598592 Not Found: /static/admin/js/theme.js
WARNING 2026-07-08 17:59:01,979 basehttp 71899 134744745420480 "GET /static/admin/css/base.css HTTP/1.1" 404 179
WARNING 2026-07-08 17:59:01,979 basehttp 71899 134744398362304 "GET /static/admin/css/changelists.css HTTP/1.1" 404 179
WARNING 2026-07-08 17:59:01,979 basehttp 71899 134744762205888 "GET /static/admin/css/dark_mode.css HTTP/1.1" 404 179
WARNING 2026-07-08 17:59:01,979 basehttp 71899 134744778991296 "GET /static/admin/css/nav_sidebar.css HTTP/1.1" 404 179
WARNING 2026-07-08 17:59:01,981 basehttp 71899 134744770598592 "GET /static/admin/js/theme.js HTTP/1.1" 404 179
WARNING 2026-07-08 17:59:01,987 log 71899 134744778991296 Not Found: /static/admin/css/responsive.css
WARNING 2026-07-08 17:59:01,988 log 71899 134744762205888 Not Found: /static/admin/js/vendor/jquery/jquery.min.js
WARNING 2026-07-08 17:59:01,988 log 71899 134744398362304 Not Found: /static/admin/js/jquery.init.js
WARNING 2026-07-08 17:59:01,989 basehttp 71899 134744778991296 "GET /static/admin/css/responsive.css HTTP/1.1" 404 179
WARNING 2026-07-08 17:59:01,989 basehttp 71899 134744762205888 "GET /static/admin/js/vendor/jquery/jquery.min.js HTTP/1.1" 404 179
WARNING 2026-07-08 17:59:01,988 log 71899 134744770598592 Not Found: /static/admin/js/core.js
WARNING 2026-07-08 17:59:01,989 basehttp 71899 134744398362304 "GET /static/admin/js/jquery.init.js HTTP/1.1" 404 179
WARNING 2026-07-08 17:59:01,990 basehttp 71899 134744770598592 "GET /static/admin/js/core.js HTTP/1.1" 404 179
INFO 2026-07-08 17:59:01,993 basehttp 71899 134744753813184 "GET /admin/jsi18n/ HTTP/1.1" 200 3342
WARNING 2026-07-08 17:59:01,995 log 71899 134744753813184 Not Found: /static/admin/js/admin/RelatedObjectLookups.js
WARNING 2026-07-08 17:59:01,995 basehttp 71899 134744753813184 "GET /static/admin/js/admin/RelatedObjectLookups.js HTTP/1.1" 404 179
WARNING 2026-07-08 17:59:02,020 log 71899 134744745420480 Not Found: /static/admin/js/actions.js
WARNING 2026-07-08 17:59:02,020 basehttp 71899 134744745420480 "GET /static/admin/js/actions.js HTTP/1.1" 404 179
WARNING 2026-07-08 17:59:02,035 log 71899 134744778991296 Not Found: /static/admin/css/nav_sidebar.css
WARNING 2026-07-08 17:59:02,035 log 71899 134744398362304 Not Found: /static/admin/css/changelists.css
WARNING 2026-07-08 17:59:02,036 log 71899 134744762205888 Not Found: /static/admin/js/urlify.js
WARNING 2026-07-08 17:59:02,036 log 71899 134744770598592 Not Found: /static/admin/js/prepopulate.js
WARNING 2026-07-08 17:59:02,037 basehttp 71899 134744762205888 "GET /static/admin/js/urlify.js HTTP/1.1" 404 179
WARNING 2026-07-08 17:59:02,037 basehttp 71899 134744398362304 "GET /static/admin/css/changelists.css HTTP/1.1" 404 179
WARNING 2026-07-08 17:59:02,037 basehttp 71899 134744778991296 "GET /static/admin/css/nav_sidebar.css HTTP/1.1" 404 179
WARNING 2026-07-08 17:59:02,037 basehttp 71899 134744770598592 "GET /static/admin/js/prepopulate.js HTTP/1.1" 404 179
WARNING 2026-07-08 17:59:02,038 log 71899 134744753813184 Not Found: /static/admin/js/vendor/xregexp/xregexp.min.js
WARNING 2026-07-08 17:59:02,038 basehttp 71899 134744753813184 "GET /static/admin/js/vendor/xregexp/xregexp.min.js HTTP/1.1" 404 179
WARNING 2026-07-08 17:59:02,063 log 71899 134744745420480 Not Found: /static/admin/img/search.svg
WARNING 2026-07-08 17:59:02,063 basehttp 71899 134744745420480 "GET /static/admin/img/search.svg HTTP/1.1" 404 179
WARNING 2026-07-08 17:59:02,086 log 71899 134744762205888 Not Found: /static/admin/css/responsive.css
WARNING 2026-07-08 17:59:02,087 log 71899 134744770598592 Not Found: /static/admin/js/filters.js
WARNING 2026-07-08 17:59:02,087 basehttp 71899 134744762205888 "GET /static/admin/css/responsive.css HTTP/1.1" 404 179
WARNING 2026-07-08 17:59:02,086 log 71899 134744753813184 Not Found: /static/admin/js/nav_sidebar.js
WARNING 2026-07-08 17:59:02,087 basehttp 71899 134744770598592 "GET /static/admin/js/filters.js HTTP/1.1" 404 179
WARNING 2026-07-08 17:59:02,088 basehttp 71899 134744753813184 "GET /static/admin/js/nav_sidebar.js HTTP/1.1" 404 179
INFO 2026-07-08 17:59:04,673 basehttp 71899 134744753813184 "GET /admin/banklist/bankaccount/ HTTP/1.1" 200 18414
WARNING 2026-07-08 17:59:04,681 log 71899 134744753813184 Not Found: /static/admin/css/base.css
WARNING 2026-07-08 17:59:04,682 log 71899 134744745420480 Not Found: /static/admin/css/nav_sidebar.css
WARNING 2026-07-08 17:59:04,681 log 71899 134744770598592 Not Found: /static/admin/css/dark_mode.css
WARNING 2026-07-08 17:59:04,684 basehttp 71899 134744753813184 "GET /static/admin/css/base.css HTTP/1.1" 404 179
WARNING 2026-07-08 17:59:04,685 basehttp 71899 134744745420480 "GET /static/admin/css/nav_sidebar.css HTTP/1.1" 404 179
WARNING 2026-07-08 17:59:04,683 log 71899 134744778991296 Not Found: /static/admin/css/changelists.css
WARNING 2026-07-08 17:59:04,683 log 71899 134744762205888 Not Found: /static/admin/js/theme.js
WARNING 2026-07-08 17:59:04,685 basehttp 71899 134744770598592 "GET /static/admin/css/dark_mode.css HTTP/1.1" 404 179
WARNING 2026-07-08 17:59:04,685 basehttp 71899 134744778991296 "GET /static/admin/css/changelists.css HTTP/1.1" 404 179
WARNING 2026-07-08 17:59:04,685 basehttp 71899 134744762205888 "GET /static/admin/js/theme.js HTTP/1.1" 404 179
WARNING 2026-07-08 17:59:04,693 log 71899 134744745420480 Not Found: /static/admin/css/responsive.css
WARNING 2026-07-08 17:59:04,693 log 71899 134744770598592 Not Found: /static/admin/js/vendor/jquery/jquery.min.js
WARNING 2026-07-08 17:59:04,694 log 71899 134744778991296 Not Found: /static/admin/js/jquery.init.js
WARNING 2026-07-08 17:59:04,694 log 71899 134744762205888 Not Found: /static/admin/js/core.js
WARNING 2026-07-08 17:59:04,695 basehttp 71899 134744770598592 "GET /static/admin/js/vendor/jquery/jquery.min.js HTTP/1.1" 404 179
WARNING 2026-07-08 17:59:04,695 basehttp 71899 134744778991296 "GET /static/admin/js/jquery.init.js HTTP/1.1" 404 179
WARNING 2026-07-08 17:59:04,695 basehttp 71899 134744762205888 "GET /static/admin/js/core.js HTTP/1.1" 404 179
WARNING 2026-07-08 17:59:04,695 basehttp 71899 134744745420480 "GET /static/admin/css/responsive.css HTTP/1.1" 404 179
INFO 2026-07-08 17:59:04,698 basehttp 71899 134744398362304 "GET /admin/jsi18n/ HTTP/1.1" 200 3342
WARNING 2026-07-08 17:59:04,700 log 71899 134744398362304 Not Found: /static/admin/js/admin/RelatedObjectLookups.js
WARNING 2026-07-08 17:59:04,700 basehttp 71899 134744398362304 "GET /static/admin/js/admin/RelatedObjectLookups.js HTTP/1.1" 404 179
WARNING 2026-07-08 17:59:04,726 log 71899 134744753813184 Not Found: /static/admin/js/actions.js
WARNING 2026-07-08 17:59:04,726 basehttp 71899 134744753813184 "GET /static/admin/js/actions.js HTTP/1.1" 404 179
WARNING 2026-07-08 17:59:04,742 log 71899 134744745420480 Not Found: /static/admin/css/nav_sidebar.css
WARNING 2026-07-08 17:59:04,743 basehttp 71899 134744745420480 "GET /static/admin/css/nav_sidebar.css HTTP/1.1" 404 179
WARNING 2026-07-08 17:59:04,743 log 71899 134744770598592 Not Found: /static/admin/css/changelists.css
WARNING 2026-07-08 17:59:04,744 log 71899 134744762205888 Not Found: /static/admin/js/urlify.js
WARNING 2026-07-08 17:59:04,745 log 71899 134744398362304 Not Found: /static/admin/js/vendor/xregexp/xregexp.min.js
WARNING 2026-07-08 17:59:04,744 log 71899 134744778991296 Not Found: /static/admin/js/prepopulate.js
WARNING 2026-07-08 17:59:04,745 basehttp 71899 134744762205888 "GET /static/admin/js/urlify.js HTTP/1.1" 404 179
WARNING 2026-07-08 17:59:04,745 basehttp 71899 134744398362304 "GET /static/admin/js/vendor/xregexp/xregexp.min.js HTTP/1.1" 404 179
WARNING 2026-07-08 17:59:04,745 basehttp 71899 134744778991296 "GET /static/admin/js/prepopulate.js HTTP/1.1" 404 179
WARNING 2026-07-08 17:59:04,745 basehttp 71899 134744770598592 "GET /static/admin/css/changelists.css HTTP/1.1" 404 179
WARNING 2026-07-08 17:59:04,769 log 71899 134744753813184 Not Found: /static/admin/img/search.svg
WARNING 2026-07-08 17:59:04,769 basehttp 71899 134744753813184 "GET /static/admin/img/search.svg HTTP/1.1" 404 179
WARNING 2026-07-08 17:59:04,792 log 71899 134744762205888 Not Found: /static/admin/css/responsive.css
WARNING 2026-07-08 17:59:04,793 log 71899 134744398362304 Not Found: /static/admin/js/filters.js
WARNING 2026-07-08 17:59:04,793 log 71899 134744778991296 Not Found: /static/admin/js/nav_sidebar.js
WARNING 2026-07-08 17:59:04,794 basehttp 71899 134744398362304 "GET /static/admin/js/filters.js HTTP/1.1" 404 179
WARNING 2026-07-08 17:59:04,794 basehttp 71899 134744778991296 "GET /static/admin/js/nav_sidebar.js HTTP/1.1" 404 179
WARNING 2026-07-08 17:59:04,793 basehttp 71899 134744762205888 "GET /static/admin/css/responsive.css HTTP/1.1" 404 179
INFO 2026-07-08 17:59:08,546 basehttp 71899 134744778991296 "GET /admin/banklist/reconciliationrun/ HTTP/1.1" 200 18806
WARNING 2026-07-08 17:59:08,552 log 71899 134744778991296 Not Found: /static/admin/css/base.css
WARNING 2026-07-08 17:59:08,553 log 71899 134744753813184 Not Found: /static/admin/css/nav_sidebar.css
WARNING 2026-07-08 17:59:08,553 log 71899 134744398362304 Not Found: /static/admin/css/dark_mode.css
WARNING 2026-07-08 17:59:08,554 log 71899 134744770598592 Not Found: /static/admin/css/changelists.css
WARNING 2026-07-08 17:59:08,556 log 71899 134744762205888 Not Found: /static/admin/js/theme.js
WARNING 2026-07-08 17:59:08,556 basehttp 71899 134744778991296 "GET /static/admin/css/base.css HTTP/1.1" 404 179
WARNING 2026-07-08 17:59:08,557 basehttp 71899 134744770598592 "GET /static/admin/css/changelists.css HTTP/1.1" 404 179
WARNING 2026-07-08 17:59:08,557 basehttp 71899 134744398362304 "GET /static/admin/css/dark_mode.css HTTP/1.1" 404 179
WARNING 2026-07-08 17:59:08,557 basehttp 71899 134744762205888 "GET /static/admin/js/theme.js HTTP/1.1" 404 179
WARNING 2026-07-08 17:59:08,557 basehttp 71899 134744753813184 "GET /static/admin/css/nav_sidebar.css HTTP/1.1" 404 179
WARNING 2026-07-08 17:59:08,564 log 71899 134744753813184 Not Found: /static/admin/css/responsive.css
WARNING 2026-07-08 17:59:08,565 log 71899 134744770598592 Not Found: /static/admin/js/jquery.init.js
WARNING 2026-07-08 17:59:08,565 basehttp 71899 134744753813184 "GET /static/admin/css/responsive.css HTTP/1.1" 404 179
WARNING 2026-07-08 17:59:08,564 log 71899 134744398362304 Not Found: /static/admin/js/vendor/jquery/jquery.min.js
WARNING 2026-07-08 17:59:08,564 log 71899 134744762205888 Not Found: /static/admin/js/core.js
WARNING 2026-07-08 17:59:08,566 basehttp 71899 134744770598592 "GET /static/admin/js/jquery.init.js HTTP/1.1" 404 179
WARNING 2026-07-08 17:59:08,566 basehttp 71899 134744398362304 "GET /static/admin/js/vendor/jquery/jquery.min.js HTTP/1.1" 404 179
WARNING 2026-07-08 17:59:08,566 basehttp 71899 134744762205888 "GET /static/admin/js/core.js HTTP/1.1" 404 179
INFO 2026-07-08 17:59:08,568 basehttp 71899 134744745420480 "GET /admin/jsi18n/ HTTP/1.1" 200 3342
WARNING 2026-07-08 17:59:08,571 log 71899 134744745420480 Not Found: /static/admin/js/admin/RelatedObjectLookups.js
WARNING 2026-07-08 17:59:08,571 basehttp 71899 134744745420480 "GET /static/admin/js/admin/RelatedObjectLookups.js HTTP/1.1" 404 179
WARNING 2026-07-08 17:59:08,599 log 71899 134744778991296 Not Found: /static/admin/js/actions.js
WARNING 2026-07-08 17:59:08,599 basehttp 71899 134744778991296 "GET /static/admin/js/actions.js HTTP/1.1" 404 179
WARNING 2026-07-08 17:59:08,614 log 71899 134744753813184 Not Found: /static/admin/css/nav_sidebar.css
WARNING 2026-07-08 17:59:08,615 log 71899 134744770598592 Not Found: /static/admin/js/prepopulate.js
WARNING 2026-07-08 17:59:08,614 log 71899 134744762205888 Not Found: /static/admin/css/changelists.css
WARNING 2026-07-08 17:59:08,615 log 71899 134744398362304 Not Found: /static/admin/js/urlify.js
WARNING 2026-07-08 17:59:08,616 basehttp 71899 134744753813184 "GET /static/admin/css/nav_sidebar.css HTTP/1.1" 404 179
WARNING 2026-07-08 17:59:08,617 basehttp 71899 134744398362304 "GET /static/admin/js/urlify.js HTTP/1.1" 404 179
WARNING 2026-07-08 17:59:08,616 basehttp 71899 134744770598592 "GET /static/admin/js/prepopulate.js HTTP/1.1" 404 179
WARNING 2026-07-08 17:59:08,616 basehttp 71899 134744762205888 "GET /static/admin/css/changelists.css HTTP/1.1" 404 179
WARNING 2026-07-08 17:59:08,615 log 71899 134744745420480 Not Found: /static/admin/js/vendor/xregexp/xregexp.min.js
WARNING 2026-07-08 17:59:08,617 basehttp 71899 134744745420480 "GET /static/admin/js/vendor/xregexp/xregexp.min.js HTTP/1.1" 404 179
WARNING 2026-07-08 17:59:08,665 log 71899 134744398362304 Not Found: /static/admin/js/nav_sidebar.js
WARNING 2026-07-08 17:59:08,665 log 71899 134744770598592 Not Found: /static/admin/css/responsive.css
WARNING 2026-07-08 17:59:08,666 log 71899 134744745420480 Not Found: /static/admin/js/filters.js
WARNING 2026-07-08 17:59:08,666 basehttp 71899 134744398362304 "GET /static/admin/js/nav_sidebar.js HTTP/1.1" 404 179
WARNING 2026-07-08 17:59:08,666 basehttp 71899 134744770598592 "GET /static/admin/css/responsive.css HTTP/1.1" 404 179
WARNING 2026-07-08 17:59:08,667 basehttp 71899 134744745420480 "GET /static/admin/js/filters.js HTTP/1.1" 404 179
INFO 2026-07-08 17:59:10,322 basehttp 71899 134744398362304 "GET /admin/banklist/transaction/ HTTP/1.1" 200 19618
WARNING 2026-07-08 17:59:10,328 log 71899 134744398362304 Not Found: /static/admin/css/base.css
WARNING 2026-07-08 17:59:10,329 log 71899 134744762205888 Not Found: /static/admin/css/nav_sidebar.css
WARNING 2026-07-08 17:59:10,330 log 71899 134744770598592 Not Found: /static/admin/js/theme.js
WARNING 2026-07-08 17:59:10,331 basehttp 71899 134744398362304 "GET /static/admin/css/base.css HTTP/1.1" 404 179
WARNING 2026-07-08 17:59:10,330 log 71899 134744753813184 Not Found: /static/admin/css/changelists.css
WARNING 2026-07-08 17:59:10,332 basehttp 71899 134744762205888 "GET /static/admin/css/nav_sidebar.css HTTP/1.1" 404 179
WARNING 2026-07-08 17:59:10,329 log 71899 134744745420480 Not Found: /static/admin/css/dark_mode.css
WARNING 2026-07-08 17:59:10,332 basehttp 71899 134744770598592 "GET /static/admin/js/theme.js HTTP/1.1" 404 179
WARNING 2026-07-08 17:59:10,332 basehttp 71899 134744753813184 "GET /static/admin/css/changelists.css HTTP/1.1" 404 179
WARNING 2026-07-08 17:59:10,333 basehttp 71899 134744745420480 "GET /static/admin/css/dark_mode.css HTTP/1.1" 404 179
WARNING 2026-07-08 17:59:10,339 log 71899 134744762205888 Not Found: /static/admin/css/responsive.css
WARNING 2026-07-08 17:59:10,340 log 71899 134744753813184 Not Found: /static/admin/js/vendor/jquery/jquery.min.js
WARNING 2026-07-08 17:59:10,340 log 71899 134744745420480 Not Found: /static/admin/js/jquery.init.js
WARNING 2026-07-08 17:59:10,341 basehttp 71899 134744762205888 "GET /static/admin/css/responsive.css HTTP/1.1" 404 179
WARNING 2026-07-08 17:59:10,341 log 71899 134744770598592 Not Found: /static/admin/js/core.js
WARNING 2026-07-08 17:59:10,341 basehttp 71899 134744745420480 "GET /static/admin/js/jquery.init.js HTTP/1.1" 404 179
WARNING 2026-07-08 17:59:10,342 basehttp 71899 134744770598592 "GET /static/admin/js/core.js HTTP/1.1" 404 179
WARNING 2026-07-08 17:59:10,341 basehttp 71899 134744753813184 "GET /static/admin/js/vendor/jquery/jquery.min.js HTTP/1.1" 404 179
INFO 2026-07-08 17:59:10,344 basehttp 71899 134744778991296 "GET /admin/jsi18n/ HTTP/1.1" 200 3342
WARNING 2026-07-08 17:59:10,347 log 71899 134744778991296 Not Found: /static/admin/js/admin/RelatedObjectLookups.js
WARNING 2026-07-08 17:59:10,347 basehttp 71899 134744778991296 "GET /static/admin/js/admin/RelatedObjectLookups.js HTTP/1.1" 404 179
WARNING 2026-07-08 17:59:10,373 log 71899 134744398362304 Not Found: /static/admin/js/actions.js
WARNING 2026-07-08 17:59:10,374 basehttp 71899 134744398362304 "GET /static/admin/js/actions.js HTTP/1.1" 404 179
WARNING 2026-07-08 17:59:10,387 log 71899 134744762205888 Not Found: /static/admin/css/nav_sidebar.css
WARNING 2026-07-08 17:59:10,387 log 71899 134744753813184 Not Found: /static/admin/css/changelists.css
WARNING 2026-07-08 17:59:10,388 basehttp 71899 134744762205888 "GET /static/admin/css/nav_sidebar.css HTTP/1.1" 404 179
WARNING 2026-07-08 17:59:10,389 basehttp 71899 134744753813184 "GET /static/admin/css/changelists.css HTTP/1.1" 404 179
WARNING 2026-07-08 17:59:10,388 log 71899 134744770598592 Not Found: /static/admin/js/prepopulate.js
WARNING 2026-07-08 17:59:10,388 log 71899 134744745420480 Not Found: /static/admin/js/urlify.js
WARNING 2026-07-08 17:59:10,389 log 71899 134744778991296 Not Found: /static/admin/js/vendor/xregexp/xregexp.min.js
WARNING 2026-07-08 17:59:10,390 basehttp 71899 134744745420480 "GET /static/admin/js/urlify.js HTTP/1.1" 404 179
WARNING 2026-07-08 17:59:10,389 basehttp 71899 134744770598592 "GET /static/admin/js/prepopulate.js HTTP/1.1" 404 179
WARNING 2026-07-08 17:59:10,390 basehttp 71899 134744778991296 "GET /static/admin/js/vendor/xregexp/xregexp.min.js HTTP/1.1" 404 179
WARNING 2026-07-08 17:59:10,416 log 71899 134744398362304 Not Found: /static/admin/img/search.svg
WARNING 2026-07-08 17:59:10,416 basehttp 71899 134744398362304 "GET /static/admin/img/search.svg HTTP/1.1" 404 179
WARNING 2026-07-08 17:59:10,438 log 71899 134744770598592 Not Found: /static/admin/css/responsive.css
WARNING 2026-07-08 17:59:10,439 log 71899 134744745420480 Not Found: /static/admin/js/nav_sidebar.js
WARNING 2026-07-08 17:59:10,439 log 71899 134744778991296 Not Found: /static/admin/js/filters.js
WARNING 2026-07-08 17:59:10,439 basehttp 71899 134744770598592 "GET /static/admin/css/responsive.css HTTP/1.1" 404 179
WARNING 2026-07-08 17:59:10,440 basehttp 71899 134744745420480 "GET /static/admin/js/nav_sidebar.js HTTP/1.1" 404 179
WARNING 2026-07-08 17:59:10,440 basehttp 71899 134744778991296 "GET /static/admin/js/filters.js HTTP/1.1" 404 179
INFO 2026-07-08 17:59:15,626 basehttp 71899 134744745420480 "GET /admin/banklist/transaction/?txn_type__exact=debit HTTP/1.1" 200 19960
WARNING 2026-07-08 17:59:15,632 log 71899 134744745420480 Not Found: /static/admin/css/base.css
WARNING 2026-07-08 17:59:15,633 log 71899 134744398362304 Not Found: /static/admin/css/nav_sidebar.css
WARNING 2026-07-08 17:59:15,633 log 71899 134744778991296 Not Found: /static/admin/css/dark_mode.css
WARNING 2026-07-08 17:59:15,634 log 71899 134744770598592 Not Found: /static/admin/js/theme.js
WARNING 2026-07-08 17:59:15,636 basehttp 71899 134744398362304 "GET /static/admin/css/nav_sidebar.css HTTP/1.1" 404 179
WARNING 2026-07-08 17:59:15,637 basehttp 71899 134744778991296 "GET /static/admin/css/dark_mode.css HTTP/1.1" 404 179
WARNING 2026-07-08 17:59:15,636 log 71899 134744762205888 Not Found: /static/admin/css/changelists.css
WARNING 2026-07-08 17:59:15,637 basehttp 71899 134744762205888 "GET /static/admin/css/changelists.css HTTP/1.1" 404 179
WARNING 2026-07-08 17:59:15,640 basehttp 71899 134744770598592 "GET /static/admin/js/theme.js HTTP/1.1" 404 179
WARNING 2026-07-08 17:59:15,636 basehttp 71899 134744745420480 "GET /static/admin/css/base.css HTTP/1.1" 404 179
WARNING 2026-07-08 17:59:15,645 log 71899 134744398362304 Not Found: /static/admin/css/responsive.css
WARNING 2026-07-08 17:59:15,645 log 71899 134744778991296 Not Found: /static/admin/js/vendor/jquery/jquery.min.js
WARNING 2026-07-08 17:59:15,646 log 71899 134744770598592 Not Found: /static/admin/js/core.js
WARNING 2026-07-08 17:59:15,647 basehttp 71899 134744778991296 "GET /static/admin/js/vendor/jquery/jquery.min.js HTTP/1.1" 404 179
WARNING 2026-07-08 17:59:15,647 basehttp 71899 134744398362304 "GET /static/admin/css/responsive.css HTTP/1.1" 404 179
WARNING 2026-07-08 17:59:15,646 log 71899 134744762205888 Not Found: /static/admin/js/jquery.init.js
WARNING 2026-07-08 17:59:15,647 basehttp 71899 134744770598592 "GET /static/admin/js/core.js HTTP/1.1" 404 179
WARNING 2026-07-08 17:59:15,647 basehttp 71899 134744762205888 "GET /static/admin/js/jquery.init.js HTTP/1.1" 404 179
INFO 2026-07-08 17:59:15,649 basehttp 71899 134744753813184 "GET /admin/jsi18n/ HTTP/1.1" 200 3342
WARNING 2026-07-08 17:59:15,651 log 71899 134744753813184 Not Found: /static/admin/js/admin/RelatedObjectLookups.js
WARNING 2026-07-08 17:59:15,652 basehttp 71899 134744753813184 "GET /static/admin/js/admin/RelatedObjectLookups.js HTTP/1.1" 404 179
WARNING 2026-07-08 17:59:15,679 log 71899 134744745420480 Not Found: /static/admin/js/actions.js
WARNING 2026-07-08 17:59:15,680 basehttp 71899 134744745420480 "GET /static/admin/js/actions.js HTTP/1.1" 404 179
WARNING 2026-07-08 17:59:15,693 log 71899 134744398362304 Not Found: /static/admin/css/nav_sidebar.css
WARNING 2026-07-08 17:59:15,694 log 71899 134744770598592 Not Found: /static/admin/css/changelists.css
WARNING 2026-07-08 17:59:15,696 basehttp 71899 134744398362304 "GET /static/admin/css/nav_sidebar.css HTTP/1.1" 404 179
WARNING 2026-07-08 17:59:15,695 log 71899 134744762205888 Not Found: /static/admin/js/prepopulate.js
WARNING 2026-07-08 17:59:15,696 basehttp 71899 134744770598592 "GET /static/admin/css/changelists.css HTTP/1.1" 404 179
WARNING 2026-07-08 17:59:15,696 basehttp 71899 134744762205888 "GET /static/admin/js/prepopulate.js HTTP/1.1" 404 179
WARNING 2026-07-08 17:59:15,694 log 71899 134744778991296 Not Found: /static/admin/js/urlify.js
WARNING 2026-07-08 17:59:15,695 log 71899 134744753813184 Not Found: /static/admin/js/vendor/xregexp/xregexp.min.js
WARNING 2026-07-08 17:59:15,697 basehttp 71899 134744753813184 "GET /static/admin/js/vendor/xregexp/xregexp.min.js HTTP/1.1" 404 179
WARNING 2026-07-08 17:59:15,697 basehttp 71899 134744778991296 "GET /static/admin/js/urlify.js HTTP/1.1" 404 179
WARNING 2026-07-08 17:59:15,723 log 71899 134744745420480 Not Found: /static/admin/img/search.svg
WARNING 2026-07-08 17:59:15,723 basehttp 71899 134744745420480 "GET /static/admin/img/search.svg HTTP/1.1" 404 179
WARNING 2026-07-08 17:59:15,746 log 71899 134744778991296 Not Found: /static/admin/css/responsive.css
WARNING 2026-07-08 17:59:15,746 log 71899 134744753813184 Not Found: /static/admin/js/nav_sidebar.js
WARNING 2026-07-08 17:59:15,747 log 71899 134744762205888 Not Found: /static/admin/js/filters.js
WARNING 2026-07-08 17:59:15,747 basehttp 71899 134744753813184 "GET /static/admin/js/nav_sidebar.js HTTP/1.1" 404 179
WARNING 2026-07-08 17:59:15,747 basehttp 71899 134744778991296 "GET /static/admin/css/responsive.css HTTP/1.1" 404 179
WARNING 2026-07-08 17:59:15,748 basehttp 71899 134744762205888 "GET /static/admin/js/filters.js HTTP/1.1" 404 179
INFO 2026-07-08 18:02:27,431 basehttp 71899 134744762205888 "GET /admin/banklist/transaction/?txn_type__exact=debit HTTP/1.1" 200 19960
WARNING 2026-07-08 18:02:27,437 log 71899 134744762205888 Not Found: /static/admin/css/base.css
WARNING 2026-07-08 18:02:27,439 log 71899 134744745420480 Not Found: /static/admin/css/nav_sidebar.css
WARNING 2026-07-08 18:02:27,438 log 71899 134744753813184 Not Found: /static/admin/css/dark_mode.css
WARNING 2026-07-08 18:02:27,441 basehttp 71899 134744762205888 "GET /static/admin/css/base.css HTTP/1.1" 404 179
WARNING 2026-07-08 18:02:27,440 log 71899 134744778991296 Not Found: /static/admin/js/theme.js
WARNING 2026-07-08 18:02:27,439 log 71899 134744398362304 Not Found: /static/admin/css/changelists.css
WARNING 2026-07-08 18:02:27,442 basehttp 71899 134744753813184 "GET /static/admin/css/dark_mode.css HTTP/1.1" 404 179
WARNING 2026-07-08 18:02:27,442 basehttp 71899 134744745420480 "GET /static/admin/css/nav_sidebar.css HTTP/1.1" 404 179
WARNING 2026-07-08 18:02:27,442 basehttp 71899 134744778991296 "GET /static/admin/js/theme.js HTTP/1.1" 404 179
WARNING 2026-07-08 18:02:27,442 basehttp 71899 134744398362304 "GET /static/admin/css/changelists.css HTTP/1.1" 404 179
WARNING 2026-07-08 18:02:27,449 log 71899 134744745420480 Not Found: /static/admin/css/responsive.css
WARNING 2026-07-08 18:02:27,449 log 71899 134744753813184 Not Found: /static/admin/js/vendor/jquery/jquery.min.js
WARNING 2026-07-08 18:02:27,450 log 71899 134744398362304 Not Found: /static/admin/js/jquery.init.js
WARNING 2026-07-08 18:02:27,450 log 71899 134744778991296 Not Found: /static/admin/js/core.js
WARNING 2026-07-08 18:02:27,451 basehttp 71899 134744398362304 "GET /static/admin/js/jquery.init.js HTTP/1.1" 404 179
WARNING 2026-07-08 18:02:27,451 basehttp 71899 134744745420480 "GET /static/admin/css/responsive.css HTTP/1.1" 404 179
WARNING 2026-07-08 18:02:27,451 basehttp 71899 134744753813184 "GET /static/admin/js/vendor/jquery/jquery.min.js HTTP/1.1" 404 179
WARNING 2026-07-08 18:02:27,451 basehttp 71899 134744778991296 "GET /static/admin/js/core.js HTTP/1.1" 404 179
INFO 2026-07-08 18:02:27,454 basehttp 71899 134744770598592 "GET /admin/jsi18n/ HTTP/1.1" 200 3342
WARNING 2026-07-08 18:02:27,456 log 71899 134744770598592 Not Found: /static/admin/js/admin/RelatedObjectLookups.js
WARNING 2026-07-08 18:02:27,456 basehttp 71899 134744770598592 "GET /static/admin/js/admin/RelatedObjectLookups.js HTTP/1.1" 404 179
WARNING 2026-07-08 18:02:27,482 log 71899 134744762205888 Not Found: /static/admin/js/actions.js
WARNING 2026-07-08 18:02:27,482 basehttp 71899 134744762205888 "GET /static/admin/js/actions.js HTTP/1.1" 404 179
WARNING 2026-07-08 18:02:27,499 log 71899 134744745420480 Not Found: /static/admin/css/nav_sidebar.css
WARNING 2026-07-08 18:02:27,500 log 71899 134744778991296 Not Found: /static/admin/js/urlify.js
WARNING 2026-07-08 18:02:27,501 basehttp 71899 134744745420480 "GET /static/admin/css/nav_sidebar.css HTTP/1.1" 404 179
WARNING 2026-07-08 18:02:27,501 log 71899 134744770598592 Not Found: /static/admin/js/vendor/xregexp/xregexp.min.js
WARNING 2026-07-08 18:02:27,500 log 71899 134744398362304 Not Found: /static/admin/js/prepopulate.js
WARNING 2026-07-08 18:02:27,502 basehttp 71899 134744770598592 "GET /static/admin/js/vendor/xregexp/xregexp.min.js HTTP/1.1" 404 179
WARNING 2026-07-08 18:02:27,502 basehttp 71899 134744398362304 "GET /static/admin/js/prepopulate.js HTTP/1.1" 404 179
WARNING 2026-07-08 18:02:27,501 basehttp 71899 134744778991296 "GET /static/admin/js/urlify.js HTTP/1.1" 404 179
WARNING 2026-07-08 18:02:27,499 log 71899 134744753813184 Not Found: /static/admin/css/changelists.css
WARNING 2026-07-08 18:02:27,502 basehttp 71899 134744753813184 "GET /static/admin/css/changelists.css HTTP/1.1" 404 179
WARNING 2026-07-08 18:02:27,525 log 71899 134744762205888 Not Found: /static/admin/img/search.svg
WARNING 2026-07-08 18:02:27,525 basehttp 71899 134744762205888 "GET /static/admin/img/search.svg HTTP/1.1" 404 179
WARNING 2026-07-08 18:02:27,550 log 71899 134744398362304 Not Found: /static/admin/css/responsive.css
WARNING 2026-07-08 18:02:27,551 log 71899 134744778991296 Not Found: /static/admin/js/filters.js
WARNING 2026-07-08 18:02:27,551 log 71899 134744770598592 Not Found: /static/admin/js/nav_sidebar.js
WARNING 2026-07-08 18:02:27,551 basehttp 71899 134744398362304 "GET /static/admin/css/responsive.css HTTP/1.1" 404 179
WARNING 2026-07-08 18:02:27,552 basehttp 71899 134744778991296 "GET /static/admin/js/filters.js HTTP/1.1" 404 179
WARNING 2026-07-08 18:02:27,552 basehttp 71899 134744770598592 "GET /static/admin/js/nav_sidebar.js HTTP/1.1" 404 179
INFO 2026-07-08 18:02:28,319 basehttp 71899 134744770598592 "GET /admin/banklist/transaction/?txn_type__exact=debit HTTP/1.1" 200 19960
WARNING 2026-07-08 18:02:28,326 log 71899 134744770598592 Not Found: /static/admin/css/base.css
WARNING 2026-07-08 18:02:28,327 log 71899 134744762205888 Not Found: /static/admin/css/nav_sidebar.css
WARNING 2026-07-08 18:02:28,327 log 71899 134744753813184 Not Found: /static/admin/css/changelists.css
WARNING 2026-07-08 18:02:28,326 log 71899 134744778991296 Not Found: /static/admin/css/dark_mode.css
WARNING 2026-07-08 18:02:28,329 basehttp 71899 134744770598592 "GET /static/admin/css/base.css HTTP/1.1" 404 179
WARNING 2026-07-08 18:02:28,328 log 71899 134744398362304 Not Found: /static/admin/js/theme.js
WARNING 2026-07-08 18:02:28,330 basehttp 71899 134744762205888 "GET /static/admin/css/nav_sidebar.css HTTP/1.1" 404 179
WARNING 2026-07-08 18:02:28,330 basehttp 71899 134744753813184 "GET /static/admin/css/changelists.css HTTP/1.1" 404 179
WARNING 2026-07-08 18:02:28,330 basehttp 71899 134744778991296 "GET /static/admin/css/dark_mode.css HTTP/1.1" 404 179
WARNING 2026-07-08 18:02:28,330 basehttp 71899 134744398362304 "GET /static/admin/js/theme.js HTTP/1.1" 404 179
WARNING 2026-07-08 18:02:28,336 log 71899 134744762205888 Not Found: /static/admin/css/responsive.css
WARNING 2026-07-08 18:02:28,337 log 71899 134744753813184 Not Found: /static/admin/js/vendor/jquery/jquery.min.js
WARNING 2026-07-08 18:02:28,337 log 71899 134744778991296 Not Found: /static/admin/js/jquery.init.js
WARNING 2026-07-08 18:02:28,338 log 71899 134744398362304 Not Found: /static/admin/js/core.js
WARNING 2026-07-08 18:02:28,338 basehttp 71899 134744753813184 "GET /static/admin/js/vendor/jquery/jquery.min.js HTTP/1.1" 404 179
WARNING 2026-07-08 18:02:28,338 basehttp 71899 134744762205888 "GET /static/admin/css/responsive.css HTTP/1.1" 404 179
WARNING 2026-07-08 18:02:28,338 basehttp 71899 134744778991296 "GET /static/admin/js/jquery.init.js HTTP/1.1" 404 179
WARNING 2026-07-08 18:02:28,339 basehttp 71899 134744398362304 "GET /static/admin/js/core.js HTTP/1.1" 404 179
INFO 2026-07-08 18:02:28,341 basehttp 71899 134744745420480 "GET /admin/jsi18n/ HTTP/1.1" 200 3342
WARNING 2026-07-08 18:02:28,344 log 71899 134744745420480 Not Found: /static/admin/js/admin/RelatedObjectLookups.js
WARNING 2026-07-08 18:02:28,344 basehttp 71899 134744745420480 "GET /static/admin/js/admin/RelatedObjectLookups.js HTTP/1.1" 404 179
WARNING 2026-07-08 18:02:28,371 log 71899 134744770598592 Not Found: /static/admin/js/actions.js
WARNING 2026-07-08 18:02:28,371 basehttp 71899 134744770598592 "GET /static/admin/js/actions.js HTTP/1.1" 404 179
WARNING 2026-07-08 18:02:28,384 log 71899 134744762205888 Not Found: /static/admin/css/nav_sidebar.css
WARNING 2026-07-08 18:02:28,385 log 71899 134744753813184 Not Found: /static/admin/css/changelists.css
WARNING 2026-07-08 18:02:28,386 basehttp 71899 134744762205888 "GET /static/admin/css/nav_sidebar.css HTTP/1.1" 404 179
WARNING 2026-07-08 18:02:28,385 log 71899 134744398362304 Not Found: /static/admin/js/urlify.js
WARNING 2026-07-08 18:02:28,386 log 71899 134744778991296 Not Found: /static/admin/js/prepopulate.js
WARNING 2026-07-08 18:02:28,387 log 71899 134744745420480 Not Found: /static/admin/js/vendor/xregexp/xregexp.min.js
WARNING 2026-07-08 18:02:28,386 basehttp 71899 134744753813184 "GET /static/admin/css/changelists.css HTTP/1.1" 404 179
WARNING 2026-07-08 18:02:28,387 basehttp 71899 134744398362304 "GET /static/admin/js/urlify.js HTTP/1.1" 404 179
WARNING 2026-07-08 18:02:28,387 basehttp 71899 134744778991296 "GET /static/admin/js/prepopulate.js HTTP/1.1" 404 179
WARNING 2026-07-08 18:02:28,388 basehttp 71899 134744745420480 "GET /static/admin/js/vendor/xregexp/xregexp.min.js HTTP/1.1" 404 179
WARNING 2026-07-08 18:02:28,414 log 71899 134744770598592 Not Found: /static/admin/img/search.svg
WARNING 2026-07-08 18:02:28,414 basehttp 71899 134744770598592 "GET /static/admin/img/search.svg HTTP/1.1" 404 179
WARNING 2026-07-08 18:02:28,435 log 71899 134744778991296 Not Found: /static/admin/css/responsive.css
WARNING 2026-07-08 18:02:28,436 log 71899 134744745420480 Not Found: /static/admin/js/nav_sidebar.js
WARNING 2026-07-08 18:02:28,437 basehttp 71899 134744778991296 "GET /static/admin/css/responsive.css HTTP/1.1" 404 179
WARNING 2026-07-08 18:02:28,436 log 71899 134744398362304 Not Found: /static/admin/js/filters.js
WARNING 2026-07-08 18:02:28,437 basehttp 71899 134744745420480 "GET /static/admin/js/nav_sidebar.js HTTP/1.1" 404 179
WARNING 2026-07-08 18:02:28,437 basehttp 71899 134744398362304 "GET /static/admin/js/filters.js HTTP/1.1" 404 179
INFO 2026-07-08 18:02:28,760 basehttp 71899 134744745420480 "GET /admin/banklist/transaction/?txn_type__exact=debit HTTP/1.1" 200 19960
WARNING 2026-07-08 18:02:28,766 log 71899 134744745420480 Not Found: /static/admin/css/base.css
WARNING 2026-07-08 18:02:28,768 log 71899 134744770598592 Not Found: /static/admin/css/nav_sidebar.css
WARNING 2026-07-08 18:02:28,770 basehttp 71899 134744745420480 "GET /static/admin/css/base.css HTTP/1.1" 404 179
WARNING 2026-07-08 18:02:28,768 log 71899 134744778991296 Not Found: /static/admin/js/theme.js
WARNING 2026-07-08 18:02:28,769 log 71899 134744753813184 Not Found: /static/admin/css/changelists.css
WARNING 2026-07-08 18:02:28,767 log 71899 134744398362304 Not Found: /static/admin/css/dark_mode.css
WARNING 2026-07-08 18:02:28,770 basehttp 71899 134744770598592 "GET /static/admin/css/nav_sidebar.css HTTP/1.1" 404 179
WARNING 2026-07-08 18:02:28,770 basehttp 71899 134744778991296 "GET /static/admin/js/theme.js HTTP/1.1" 404 179
WARNING 2026-07-08 18:02:28,770 basehttp 71899 134744753813184 "GET /static/admin/css/changelists.css HTTP/1.1" 404 179
WARNING 2026-07-08 18:02:28,771 basehttp 71899 134744398362304 "GET /static/admin/css/dark_mode.css HTTP/1.1" 404 179
WARNING 2026-07-08 18:02:28,778 log 71899 134744770598592 Not Found: /static/admin/css/responsive.css
WARNING 2026-07-08 18:02:28,778 log 71899 134744753813184 Not Found: /static/admin/js/vendor/jquery/jquery.min.js
WARNING 2026-07-08 18:02:28,779 log 71899 134744398362304 Not Found: /static/admin/js/jquery.init.js
WARNING 2026-07-08 18:02:28,779 log 71899 134744778991296 Not Found: /static/admin/js/core.js
WARNING 2026-07-08 18:02:28,779 basehttp 71899 134744753813184 "GET /static/admin/js/vendor/jquery/jquery.min.js HTTP/1.1" 404 179
WARNING 2026-07-08 18:02:28,779 basehttp 71899 134744770598592 "GET /static/admin/css/responsive.css HTTP/1.1" 404 179
WARNING 2026-07-08 18:02:28,780 basehttp 71899 134744778991296 "GET /static/admin/js/core.js HTTP/1.1" 404 179
WARNING 2026-07-08 18:02:28,780 basehttp 71899 134744398362304 "GET /static/admin/js/jquery.init.js HTTP/1.1" 404 179
INFO 2026-07-08 18:02:28,783 basehttp 71899 134744762205888 "GET /admin/jsi18n/ HTTP/1.1" 200 3342
WARNING 2026-07-08 18:02:28,785 log 71899 134744762205888 Not Found: /static/admin/js/admin/RelatedObjectLookups.js
WARNING 2026-07-08 18:02:28,785 basehttp 71899 134744762205888 "GET /static/admin/js/admin/RelatedObjectLookups.js HTTP/1.1" 404 179
WARNING 2026-07-08 18:02:28,813 log 71899 134744745420480 Not Found: /static/admin/js/actions.js
WARNING 2026-07-08 18:02:28,813 basehttp 71899 134744745420480 "GET /static/admin/js/actions.js HTTP/1.1" 404 179
WARNING 2026-07-08 18:02:28,825 log 71899 134744770598592 Not Found: /static/admin/css/nav_sidebar.css
WARNING 2026-07-08 18:02:28,825 log 71899 134744778991296 Not Found: /static/admin/css/changelists.css
WARNING 2026-07-08 18:02:28,826 log 71899 134744753813184 Not Found: /static/admin/js/prepopulate.js
WARNING 2026-07-08 18:02:28,827 basehttp 71899 134744770598592 "GET /static/admin/css/nav_sidebar.css HTTP/1.1" 404 179
WARNING 2026-07-08 18:02:28,828 basehttp 71899 134744778991296 "GET /static/admin/css/changelists.css HTTP/1.1" 404 179
WARNING 2026-07-08 18:02:28,828 basehttp 71899 134744753813184 "GET /static/admin/js/prepopulate.js HTTP/1.1" 404 179
WARNING 2026-07-08 18:02:28,827 log 71899 134744762205888 Not Found: /static/admin/js/vendor/xregexp/xregexp.min.js
WARNING 2026-07-08 18:02:28,826 log 71899 134744398362304 Not Found: /static/admin/js/urlify.js
WARNING 2026-07-08 18:02:28,828 basehttp 71899 134744762205888 "GET /static/admin/js/vendor/xregexp/xregexp.min.js HTTP/1.1" 404 179
WARNING 2026-07-08 18:02:28,828 basehttp 71899 134744398362304 "GET /static/admin/js/urlify.js HTTP/1.1" 404 179
WARNING 2026-07-08 18:02:28,856 log 71899 134744745420480 Not Found: /static/admin/img/search.svg
WARNING 2026-07-08 18:02:28,856 basehttp 71899 134744745420480 "GET /static/admin/img/search.svg HTTP/1.1" 404 179
WARNING 2026-07-08 18:02:28,876 log 71899 134744762205888 Not Found: /static/admin/css/responsive.css
WARNING 2026-07-08 18:02:28,877 log 71899 134744753813184 Not Found: /static/admin/js/filters.js
WARNING 2026-07-08 18:02:28,877 basehttp 71899 134744762205888 "GET /static/admin/css/responsive.css HTTP/1.1" 404 179
WARNING 2026-07-08 18:02:28,877 basehttp 71899 134744753813184 "GET /static/admin/js/filters.js HTTP/1.1" 404 179
WARNING 2026-07-08 18:02:28,876 log 71899 134744398362304 Not Found: /static/admin/js/nav_sidebar.js
WARNING 2026-07-08 18:02:28,878 basehttp 71899 134744398362304 "GET /static/admin/js/nav_sidebar.js HTTP/1.1" 404 179
INFO 2026-07-08 18:02:29,391 basehttp 71899 134744753813184 "GET /admin/banklist/transaction/?txn_type__exact=debit HTTP/1.1" 200 19960
WARNING 2026-07-08 18:02:29,398 log 71899 134744753813184 Not Found: /static/admin/css/base.css
WARNING 2026-07-08 18:02:29,399 log 71899 134744745420480 Not Found: /static/admin/css/nav_sidebar.css
WARNING 2026-07-08 18:02:29,398 log 71899 134744398362304 Not Found: /static/admin/css/dark_mode.css
WARNING 2026-07-08 18:02:29,400 log 71899 134744778991296 Not Found: /static/admin/css/changelists.css
WARNING 2026-07-08 18:02:29,401 basehttp 71899 134744753813184 "GET /static/admin/css/base.css HTTP/1.1" 404 179
WARNING 2026-07-08 18:02:29,400 log 71899 134744762205888 Not Found: /static/admin/js/theme.js
WARNING 2026-07-08 18:02:29,402 basehttp 71899 134744745420480 "GET /static/admin/css/nav_sidebar.css HTTP/1.1" 404 179
WARNING 2026-07-08 18:02:29,402 basehttp 71899 134744778991296 "GET /static/admin/css/changelists.css HTTP/1.1" 404 179
WARNING 2026-07-08 18:02:29,402 basehttp 71899 134744398362304 "GET /static/admin/css/dark_mode.css HTTP/1.1" 404 179
WARNING 2026-07-08 18:02:29,402 basehttp 71899 134744762205888 "GET /static/admin/js/theme.js HTTP/1.1" 404 179
WARNING 2026-07-08 18:02:29,408 log 71899 134744745420480 Not Found: /static/admin/css/responsive.css
WARNING 2026-07-08 18:02:29,409 log 71899 134744398362304 Not Found: /static/admin/js/vendor/jquery/jquery.min.js
WARNING 2026-07-08 18:02:29,410 log 71899 134744778991296 Not Found: /static/admin/js/jquery.init.js
WARNING 2026-07-08 18:02:29,410 basehttp 71899 134744745420480 "GET /static/admin/css/responsive.css HTTP/1.1" 404 179
WARNING 2026-07-08 18:02:29,410 log 71899 134744762205888 Not Found: /static/admin/js/core.js
WARNING 2026-07-08 18:02:29,411 basehttp 71899 134744398362304 "GET /static/admin/js/vendor/jquery/jquery.min.js HTTP/1.1" 404 179
WARNING 2026-07-08 18:02:29,411 basehttp 71899 134744778991296 "GET /static/admin/js/jquery.init.js HTTP/1.1" 404 179
WARNING 2026-07-08 18:02:29,411 basehttp 71899 134744762205888 "GET /static/admin/js/core.js HTTP/1.1" 404 179
INFO 2026-07-08 18:02:29,414 basehttp 71899 134744770598592 "GET /admin/jsi18n/ HTTP/1.1" 200 3342
WARNING 2026-07-08 18:02:29,416 log 71899 134744770598592 Not Found: /static/admin/js/admin/RelatedObjectLookups.js
WARNING 2026-07-08 18:02:29,416 basehttp 71899 134744770598592 "GET /static/admin/js/admin/RelatedObjectLookups.js HTTP/1.1" 404 179
WARNING 2026-07-08 18:02:29,443 log 71899 134744753813184 Not Found: /static/admin/js/actions.js
WARNING 2026-07-08 18:02:29,443 basehttp 71899 134744753813184 "GET /static/admin/js/actions.js HTTP/1.1" 404 179
WARNING 2026-07-08 18:02:29,458 log 71899 134744745420480 Not Found: /static/admin/css/nav_sidebar.css
WARNING 2026-07-08 18:02:29,459 log 71899 134744398362304 Not Found: /static/admin/js/urlify.js
WARNING 2026-07-08 18:02:29,460 log 71899 134744770598592 Not Found: /static/admin/js/vendor/xregexp/xregexp.min.js
WARNING 2026-07-08 18:02:29,459 log 71899 134744778991296 Not Found: /static/admin/js/prepopulate.js
WARNING 2026-07-08 18:02:29,460 basehttp 71899 134744770598592 "GET /static/admin/js/vendor/xregexp/xregexp.min.js HTTP/1.1" 404 179
WARNING 2026-07-08 18:02:29,460 basehttp 71899 134744778991296 "GET /static/admin/js/prepopulate.js HTTP/1.1" 404 179
WARNING 2026-07-08 18:02:29,460 basehttp 71899 134744398362304 "GET /static/admin/js/urlify.js HTTP/1.1" 404 179
WARNING 2026-07-08 18:02:29,460 basehttp 71899 134744745420480 "GET /static/admin/css/nav_sidebar.css HTTP/1.1" 404 179
WARNING 2026-07-08 18:02:29,458 log 71899 134744762205888 Not Found: /static/admin/css/changelists.css
WARNING 2026-07-08 18:02:29,461 basehttp 71899 134744762205888 "GET /static/admin/css/changelists.css HTTP/1.1" 404 179
WARNING 2026-07-08 18:02:29,486 log 71899 134744753813184 Not Found: /static/admin/img/search.svg
WARNING 2026-07-08 18:02:29,486 basehttp 71899 134744753813184 "GET /static/admin/img/search.svg HTTP/1.1" 404 179
WARNING 2026-07-08 18:02:29,509 log 71899 134744398362304 Not Found: /static/admin/css/responsive.css
WARNING 2026-07-08 18:02:29,510 log 71899 134744778991296 Not Found: /static/admin/js/nav_sidebar.js
WARNING 2026-07-08 18:02:29,510 basehttp 71899 134744398362304 "GET /static/admin/css/responsive.css HTTP/1.1" 404 179
WARNING 2026-07-08 18:02:29,511 basehttp 71899 134744778991296 "GET /static/admin/js/nav_sidebar.js HTTP/1.1" 404 179
WARNING 2026-07-08 18:02:29,510 log 71899 134744770598592 Not Found: /static/admin/js/filters.js
WARNING 2026-07-08 18:02:29,511 basehttp 71899 134744770598592 "GET /static/admin/js/filters.js HTTP/1.1" 404 179
INFO 2026-07-08 18:02:29,743 basehttp 71899 134744770598592 "GET /admin/banklist/transaction/?txn_type__exact=debit HTTP/1.1" 200 19960
WARNING 2026-07-08 18:02:29,749 log 71899 134744770598592 Not Found: /static/admin/css/base.css
WARNING 2026-07-08 18:02:29,752 log 71899 134744762205888 Not Found: /static/admin/css/changelists.css
WARNING 2026-07-08 18:02:29,750 log 71899 134744778991296 Not Found: /static/admin/css/dark_mode.css
WARNING 2026-07-08 18:02:29,751 log 71899 134744753813184 Not Found: /static/admin/css/nav_sidebar.css
WARNING 2026-07-08 18:02:29,753 log 71899 134744398362304 Not Found: /static/admin/js/theme.js
WARNING 2026-07-08 18:02:29,753 basehttp 71899 134744770598592 "GET /static/admin/css/base.css HTTP/1.1" 404 179
WARNING 2026-07-08 18:02:29,754 basehttp 71899 134744778991296 "GET /static/admin/css/dark_mode.css HTTP/1.1" 404 179
WARNING 2026-07-08 18:02:29,754 basehttp 71899 134744762205888 "GET /static/admin/css/changelists.css HTTP/1.1" 404 179
WARNING 2026-07-08 18:02:29,754 basehttp 71899 134744753813184 "GET /static/admin/css/nav_sidebar.css HTTP/1.1" 404 179
WARNING 2026-07-08 18:02:29,754 basehttp 71899 134744398362304 "GET /static/admin/js/theme.js HTTP/1.1" 404 179
WARNING 2026-07-08 18:02:29,761 log 71899 134744762205888 Not Found: /static/admin/css/responsive.css
WARNING 2026-07-08 18:02:29,762 log 71899 134744778991296 Not Found: /static/admin/js/vendor/jquery/jquery.min.js
WARNING 2026-07-08 18:02:29,763 basehttp 71899 134744762205888 "GET /static/admin/css/responsive.css HTTP/1.1" 404 179
WARNING 2026-07-08 18:02:29,764 basehttp 71899 134744778991296 "GET /static/admin/js/vendor/jquery/jquery.min.js HTTP/1.1" 404 179
WARNING 2026-07-08 18:02:29,762 log 71899 134744398362304 Not Found: /static/admin/js/core.js
WARNING 2026-07-08 18:02:29,762 log 71899 134744753813184 Not Found: /static/admin/js/jquery.init.js
WARNING 2026-07-08 18:02:29,764 basehttp 71899 134744753813184 "GET /static/admin/js/jquery.init.js HTTP/1.1" 404 179
WARNING 2026-07-08 18:02:29,764 basehttp 71899 134744398362304 "GET /static/admin/js/core.js HTTP/1.1" 404 179
INFO 2026-07-08 18:02:29,765 basehttp 71899 134744745420480 "GET /admin/jsi18n/ HTTP/1.1" 200 3342
WARNING 2026-07-08 18:02:29,767 log 71899 134744745420480 Not Found: /static/admin/js/admin/RelatedObjectLookups.js
WARNING 2026-07-08 18:02:29,767 basehttp 71899 134744745420480 "GET /static/admin/js/admin/RelatedObjectLookups.js HTTP/1.1" 404 179
WARNING 2026-07-08 18:02:29,795 log 71899 134744770598592 Not Found: /static/admin/js/actions.js
WARNING 2026-07-08 18:02:29,795 basehttp 71899 134744770598592 "GET /static/admin/js/actions.js HTTP/1.1" 404 179
WARNING 2026-07-08 18:02:29,810 log 71899 134744762205888 Not Found: /static/admin/css/nav_sidebar.css
WARNING 2026-07-08 18:02:29,811 log 71899 134744753813184 Not Found: /static/admin/js/urlify.js
WARNING 2026-07-08 18:02:29,811 log 71899 134744778991296 Not Found: /static/admin/css/changelists.css
WARNING 2026-07-08 18:02:29,812 log 71899 134744398362304 Not Found: /static/admin/js/prepopulate.js
WARNING 2026-07-08 18:02:29,812 log 71899 134744745420480 Not Found: /static/admin/js/vendor/xregexp/xregexp.min.js
WARNING 2026-07-08 18:02:29,813 basehttp 71899 134744762205888 "GET /static/admin/css/nav_sidebar.css HTTP/1.1" 404 179
WARNING 2026-07-08 18:02:29,813 basehttp 71899 134744753813184 "GET /static/admin/js/urlify.js HTTP/1.1" 404 179
WARNING 2026-07-08 18:02:29,813 basehttp 71899 134744778991296 "GET /static/admin/css/changelists.css HTTP/1.1" 404 179
WARNING 2026-07-08 18:02:29,813 basehttp 71899 134744398362304 "GET /static/admin/js/prepopulate.js HTTP/1.1" 404 179
WARNING 2026-07-08 18:02:29,814 basehttp 71899 134744745420480 "GET /static/admin/js/vendor/xregexp/xregexp.min.js HTTP/1.1" 404 179
WARNING 2026-07-08 18:02:29,838 log 71899 134744770598592 Not Found: /static/admin/img/search.svg
WARNING 2026-07-08 18:02:29,838 basehttp 71899 134744770598592 "GET /static/admin/img/search.svg HTTP/1.1" 404 179
WARNING 2026-07-08 18:02:29,862 log 71899 134744398362304 Not Found: /static/admin/js/nav_sidebar.js
WARNING 2026-07-08 18:02:29,864 log 71899 134744745420480 Not Found: /static/admin/css/responsive.css
WARNING 2026-07-08 18:02:29,864 basehttp 71899 134744398362304 "GET /static/admin/js/nav_sidebar.js HTTP/1.1" 404 179
WARNING 2026-07-08 18:02:29,864 basehttp 71899 134744745420480 "GET /static/admin/css/responsive.css HTTP/1.1" 404 179
WARNING 2026-07-08 18:02:29,863 log 71899 134744753813184 Not Found: /static/admin/js/filters.js
WARNING 2026-07-08 18:02:29,864 basehttp 71899 134744753813184 "GET /static/admin/js/filters.js HTTP/1.1" 404 179
INFO 2026-07-08 18:02:36,527 autoreload 72714 131250158363136 Watching for file changes with StatReloader
INFO 2026-07-08 18:02:40,278 basehttp 72714 131249375016640 "GET /admin/banklist/transaction/?txn_type__exact=debit HTTP/1.1" 200 19960
WARNING 2026-07-08 18:02:40,287 log 72714 131249375016640 Not Found: /static/admin/css/base.css
WARNING 2026-07-08 18:02:40,287 log 72714 131249366623936 Not Found: /static/admin/css/dark_mode.css
WARNING 2026-07-08 18:02:40,289 log 72714 131249348789952 Not Found: /static/admin/css/changelists.css
WARNING 2026-07-08 18:02:40,289 log 72714 131249339348672 Not Found: /static/admin/js/theme.js
WARNING 2026-07-08 18:02:40,288 log 72714 131249357182656 Not Found: /static/admin/css/nav_sidebar.css
WARNING 2026-07-08 18:02:40,288 basehttp 72714 131249375016640 "GET /static/admin/css/base.css HTTP/1.1" 404 179
WARNING 2026-07-08 18:02:40,291 basehttp 72714 131249348789952 "GET /static/admin/css/changelists.css HTTP/1.1" 404 179
WARNING 2026-07-08 18:02:40,291 basehttp 72714 131249366623936 "GET /static/admin/css/dark_mode.css HTTP/1.1" 404 179
WARNING 2026-07-08 18:02:40,292 basehttp 72714 131249357182656 "GET /static/admin/css/nav_sidebar.css HTTP/1.1" 404 179
WARNING 2026-07-08 18:02:40,292 basehttp 72714 131249339348672 "GET /static/admin/js/theme.js HTTP/1.1" 404 179
WARNING 2026-07-08 18:02:40,298 log 72714 131249366623936 Not Found: /static/admin/css/responsive.css
WARNING 2026-07-08 18:02:40,298 log 72714 131249348789952 Not Found: /static/admin/js/vendor/jquery/jquery.min.js
WARNING 2026-07-08 18:02:40,300 basehttp 72714 131249366623936 "GET /static/admin/css/responsive.css HTTP/1.1" 404 179
WARNING 2026-07-08 18:02:40,299 log 72714 131249339348672 Not Found: /static/admin/js/core.js
WARNING 2026-07-08 18:02:40,300 basehttp 72714 131249348789952 "GET /static/admin/js/vendor/jquery/jquery.min.js HTTP/1.1" 404 179
WARNING 2026-07-08 18:02:40,300 basehttp 72714 131249339348672 "GET /static/admin/js/core.js HTTP/1.1" 404 179
WARNING 2026-07-08 18:02:40,299 log 72714 131249357182656 Not Found: /static/admin/js/jquery.init.js
WARNING 2026-07-08 18:02:40,301 basehttp 72714 131249357182656 "GET /static/admin/js/jquery.init.js HTTP/1.1" 404 179
INFO 2026-07-08 18:02:40,303 basehttp 72714 131249330955968 "GET /admin/jsi18n/ HTTP/1.1" 200 3342
WARNING 2026-07-08 18:02:40,306 log 72714 131249330955968 Not Found: /static/admin/js/admin/RelatedObjectLookups.js
WARNING 2026-07-08 18:02:40,306 basehttp 72714 131249330955968 "GET /static/admin/js/admin/RelatedObjectLookups.js HTTP/1.1" 404 179
WARNING 2026-07-08 18:02:40,331 log 72714 131249375016640 Not Found: /static/admin/js/actions.js
WARNING 2026-07-08 18:02:40,332 basehttp 72714 131249375016640 "GET /static/admin/js/actions.js HTTP/1.1" 404 179
WARNING 2026-07-08 18:02:40,346 log 72714 131249366623936 Not Found: /static/admin/css/nav_sidebar.css
WARNING 2026-07-08 18:02:40,347 log 72714 131249348789952 Not Found: /static/admin/css/changelists.css
WARNING 2026-07-08 18:02:40,347 log 72714 131249339348672 Not Found: /static/admin/js/urlify.js
WARNING 2026-07-08 18:02:40,347 log 72714 131249357182656 Not Found: /static/admin/js/prepopulate.js
WARNING 2026-07-08 18:02:40,348 basehttp 72714 131249348789952 "GET /static/admin/css/changelists.css HTTP/1.1" 404 179
WARNING 2026-07-08 18:02:40,348 basehttp 72714 131249339348672 "GET /static/admin/js/urlify.js HTTP/1.1" 404 179
WARNING 2026-07-08 18:02:40,348 basehttp 72714 131249366623936 "GET /static/admin/css/nav_sidebar.css HTTP/1.1" 404 179
WARNING 2026-07-08 18:02:40,349 log 72714 131249330955968 Not Found: /static/admin/js/vendor/xregexp/xregexp.min.js
WARNING 2026-07-08 18:02:40,348 basehttp 72714 131249357182656 "GET /static/admin/js/prepopulate.js HTTP/1.1" 404 179
WARNING 2026-07-08 18:02:40,349 basehttp 72714 131249330955968 "GET /static/admin/js/vendor/xregexp/xregexp.min.js HTTP/1.1" 404 179
WARNING 2026-07-08 18:02:40,375 log 72714 131249375016640 Not Found: /static/admin/img/search.svg
WARNING 2026-07-08 18:02:40,375 basehttp 72714 131249375016640 "GET /static/admin/img/search.svg HTTP/1.1" 404 179
WARNING 2026-07-08 18:02:40,397 log 72714 131249330955968 Not Found: /static/admin/css/responsive.css
WARNING 2026-07-08 18:02:40,398 log 72714 131249357182656 Not Found: /static/admin/js/nav_sidebar.js
WARNING 2026-07-08 18:02:40,399 log 72714 131249339348672 Not Found: /static/admin/js/filters.js
WARNING 2026-07-08 18:02:40,399 basehttp 72714 131249330955968 "GET /static/admin/css/responsive.css HTTP/1.1" 404 179
WARNING 2026-07-08 18:02:40,399 basehttp 72714 131249357182656 "GET /static/admin/js/nav_sidebar.js HTTP/1.1" 404 179
WARNING 2026-07-08 18:02:40,399 basehttp 72714 131249339348672 "GET /static/admin/js/filters.js HTTP/1.1" 404 179
INFO 2026-07-08 18:02:41,009 basehttp 72714 131249339348672 "GET /admin/banklist/transaction/?txn_type__exact=debit HTTP/1.1" 200 19960
WARNING 2026-07-08 18:02:41,016 log 72714 131249339348672 Not Found: /static/admin/css/base.css
WARNING 2026-07-08 18:02:41,018 log 72714 131249366623936 Not Found: /static/admin/css/changelists.css
WARNING 2026-07-08 18:02:41,017 log 72714 131249375016640 Not Found: /static/admin/css/nav_sidebar.css
WARNING 2026-07-08 18:02:41,020 basehttp 72714 131249339348672 "GET /static/admin/css/base.css HTTP/1.1" 404 179
WARNING 2026-07-08 18:02:41,017 log 72714 131249357182656 Not Found: /static/admin/css/dark_mode.css
WARNING 2026-07-08 18:02:41,018 log 72714 131249330955968 Not Found: /static/admin/js/theme.js
WARNING 2026-07-08 18:02:41,020 basehttp 72714 131249366623936 "GET /static/admin/css/changelists.css HTTP/1.1" 404 179
WARNING 2026-07-08 18:02:41,020 basehttp 72714 131249375016640 "GET /static/admin/css/nav_sidebar.css HTTP/1.1" 404 179
WARNING 2026-07-08 18:02:41,021 basehttp 72714 131249330955968 "GET /static/admin/js/theme.js HTTP/1.1" 404 179
WARNING 2026-07-08 18:02:41,021 basehttp 72714 131249357182656 "GET /static/admin/css/dark_mode.css HTTP/1.1" 404 179
WARNING 2026-07-08 18:02:41,027 log 72714 131249366623936 Not Found: /static/admin/css/responsive.css
WARNING 2026-07-08 18:02:41,029 log 72714 131249330955968 Not Found: /static/admin/js/core.js
WARNING 2026-07-08 18:02:41,028 log 72714 131249357182656 Not Found: /static/admin/js/jquery.init.js
WARNING 2026-07-08 18:02:41,029 basehttp 72714 131249366623936 "GET /static/admin/css/responsive.css HTTP/1.1" 404 179
WARNING 2026-07-08 18:02:41,028 log 72714 131249375016640 Not Found: /static/admin/js/vendor/jquery/jquery.min.js
WARNING 2026-07-08 18:02:41,030 basehttp 72714 131249357182656 "GET /static/admin/js/jquery.init.js HTTP/1.1" 404 179
WARNING 2026-07-08 18:02:41,030 basehttp 72714 131249375016640 "GET /static/admin/js/vendor/jquery/jquery.min.js HTTP/1.1" 404 179
WARNING 2026-07-08 18:02:41,030 basehttp 72714 131249330955968 "GET /static/admin/js/core.js HTTP/1.1" 404 179
INFO 2026-07-08 18:02:41,032 basehttp 72714 131249348789952 "GET /admin/jsi18n/ HTTP/1.1" 200 3342
WARNING 2026-07-08 18:02:41,034 log 72714 131249348789952 Not Found: /static/admin/js/admin/RelatedObjectLookups.js
WARNING 2026-07-08 18:02:41,035 basehttp 72714 131249348789952 "GET /static/admin/js/admin/RelatedObjectLookups.js HTTP/1.1" 404 179
WARNING 2026-07-08 18:02:41,063 log 72714 131249339348672 Not Found: /static/admin/js/actions.js
WARNING 2026-07-08 18:02:41,063 basehttp 72714 131249339348672 "GET /static/admin/js/actions.js HTTP/1.1" 404 179
WARNING 2026-07-08 18:02:41,076 log 72714 131249366623936 Not Found: /static/admin/css/nav_sidebar.css
WARNING 2026-07-08 18:02:41,076 basehttp 72714 131249366623936 "GET /static/admin/css/nav_sidebar.css HTTP/1.1" 404 179
WARNING 2026-07-08 18:02:41,077 log 72714 131249375016640 Not Found: /static/admin/css/changelists.css
WARNING 2026-07-08 18:02:41,078 log 72714 131249330955968 Not Found: /static/admin/js/prepopulate.js
WARNING 2026-07-08 18:02:41,079 log 72714 131249348789952 Not Found: /static/admin/js/vendor/xregexp/xregexp.min.js
WARNING 2026-07-08 18:02:41,078 log 72714 131249357182656 Not Found: /static/admin/js/urlify.js
WARNING 2026-07-08 18:02:41,079 basehttp 72714 131249330955968 "GET /static/admin/js/prepopulate.js HTTP/1.1" 404 179
WARNING 2026-07-08 18:02:41,079 basehttp 72714 131249375016640 "GET /static/admin/css/changelists.css HTTP/1.1" 404 179
WARNING 2026-07-08 18:02:41,079 basehttp 72714 131249348789952 "GET /static/admin/js/vendor/xregexp/xregexp.min.js HTTP/1.1" 404 179
WARNING 2026-07-08 18:02:41,080 basehttp 72714 131249357182656 "GET /static/admin/js/urlify.js HTTP/1.1" 404 179
WARNING 2026-07-08 18:02:41,106 log 72714 131249339348672 Not Found: /static/admin/img/search.svg
WARNING 2026-07-08 18:02:41,107 basehttp 72714 131249339348672 "GET /static/admin/img/search.svg HTTP/1.1" 404 179
WARNING 2026-07-08 18:02:41,127 log 72714 131249357182656 Not Found: /static/admin/js/nav_sidebar.js
WARNING 2026-07-08 18:02:41,128 log 72714 131249330955968 Not Found: /static/admin/js/filters.js
WARNING 2026-07-08 18:02:41,128 basehttp 72714 131249357182656 "GET /static/admin/js/nav_sidebar.js HTTP/1.1" 404 179
WARNING 2026-07-08 18:02:41,128 log 72714 131249348789952 Not Found: /static/admin/css/responsive.css
WARNING 2026-07-08 18:02:41,129 basehttp 72714 131249330955968 "GET /static/admin/js/filters.js HTTP/1.1" 404 179
WARNING 2026-07-08 18:02:41,129 basehttp 72714 131249348789952 "GET /static/admin/css/responsive.css HTTP/1.1" 404 179
INFO 2026-07-08 18:02:41,680 basehttp 72714 131249357182656 "GET /admin/banklist/transaction/?txn_type__exact=debit HTTP/1.1" 200 19960
WARNING 2026-07-08 18:02:41,686 log 72714 131249357182656 Not Found: /static/admin/css/base.css
WARNING 2026-07-08 18:02:41,688 log 72714 131249339348672 Not Found: /static/admin/css/nav_sidebar.css
WARNING 2026-07-08 18:02:41,689 log 72714 131249375016640 Not Found: /static/admin/css/changelists.css
WARNING 2026-07-08 18:02:41,690 log 72714 131249348789952 Not Found: /static/admin/js/theme.js
WARNING 2026-07-08 18:02:41,687 log 72714 131249330955968 Not Found: /static/admin/css/dark_mode.css
WARNING 2026-07-08 18:02:41,690 basehttp 72714 131249357182656 "GET /static/admin/css/base.css HTTP/1.1" 404 179
WARNING 2026-07-08 18:02:41,691 basehttp 72714 131249339348672 "GET /static/admin/css/nav_sidebar.css HTTP/1.1" 404 179
WARNING 2026-07-08 18:02:41,691 basehttp 72714 131249375016640 "GET /static/admin/css/changelists.css HTTP/1.1" 404 179
WARNING 2026-07-08 18:02:41,691 basehttp 72714 131249330955968 "GET /static/admin/css/dark_mode.css HTTP/1.1" 404 179
WARNING 2026-07-08 18:02:41,691 basehttp 72714 131249348789952 "GET /static/admin/js/theme.js HTTP/1.1" 404 179
WARNING 2026-07-08 18:02:41,698 log 72714 131249339348672 Not Found: /static/admin/css/responsive.css
WARNING 2026-07-08 18:02:41,699 log 72714 131249375016640 Not Found: /static/admin/js/vendor/jquery/jquery.min.js
WARNING 2026-07-08 18:02:41,699 log 72714 131249330955968 Not Found: /static/admin/js/jquery.init.js
WARNING 2026-07-08 18:02:41,700 basehttp 72714 131249375016640 "GET /static/admin/js/vendor/jquery/jquery.min.js HTTP/1.1" 404 179
WARNING 2026-07-08 18:02:41,700 basehttp 72714 131249339348672 "GET /static/admin/css/responsive.css HTTP/1.1" 404 179
WARNING 2026-07-08 18:02:41,699 log 72714 131249348789952 Not Found: /static/admin/js/core.js
WARNING 2026-07-08 18:02:41,700 basehttp 72714 131249330955968 "GET /static/admin/js/jquery.init.js HTTP/1.1" 404 179
WARNING 2026-07-08 18:02:41,700 basehttp 72714 131249348789952 "GET /static/admin/js/core.js HTTP/1.1" 404 179
INFO 2026-07-08 18:02:41,702 basehttp 72714 131249366623936 "GET /admin/jsi18n/ HTTP/1.1" 200 3342
WARNING 2026-07-08 18:02:41,704 log 72714 131249366623936 Not Found: /static/admin/js/admin/RelatedObjectLookups.js
WARNING 2026-07-08 18:02:41,704 basehttp 72714 131249366623936 "GET /static/admin/js/admin/RelatedObjectLookups.js HTTP/1.1" 404 179
WARNING 2026-07-08 18:02:41,732 log 72714 131249357182656 Not Found: /static/admin/js/actions.js
WARNING 2026-07-08 18:02:41,732 basehttp 72714 131249357182656 "GET /static/admin/js/actions.js HTTP/1.1" 404 179
WARNING 2026-07-08 18:02:41,747 log 72714 131249339348672 Not Found: /static/admin/css/nav_sidebar.css
WARNING 2026-07-08 18:02:41,748 log 72714 131249330955968 Not Found: /static/admin/css/changelists.css
WARNING 2026-07-08 18:02:41,749 log 72714 131249348789952 Not Found: /static/admin/js/prepopulate.js
WARNING 2026-07-08 18:02:41,749 log 72714 131249366623936 Not Found: /static/admin/js/vendor/xregexp/xregexp.min.js
WARNING 2026-07-08 18:02:41,748 log 72714 131249375016640 Not Found: /static/admin/js/urlify.js
WARNING 2026-07-08 18:02:41,750 basehttp 72714 131249330955968 "GET /static/admin/css/changelists.css HTTP/1.1" 404 179
WARNING 2026-07-08 18:02:41,750 basehttp 72714 131249348789952 "GET /static/admin/js/prepopulate.js HTTP/1.1" 404 179
WARNING 2026-07-08 18:02:41,750 basehttp 72714 131249375016640 "GET /static/admin/js/urlify.js HTTP/1.1" 404 179
WARNING 2026-07-08 18:02:41,750 basehttp 72714 131249366623936 "GET /static/admin/js/vendor/xregexp/xregexp.min.js HTTP/1.1" 404 179
WARNING 2026-07-08 18:02:41,749 basehttp 72714 131249339348672 "GET /static/admin/css/nav_sidebar.css HTTP/1.1" 404 179
WARNING 2026-07-08 18:02:41,775 log 72714 131249357182656 Not Found: /static/admin/img/search.svg
WARNING 2026-07-08 18:02:41,776 basehttp 72714 131249357182656 "GET /static/admin/img/search.svg HTTP/1.1" 404 179
WARNING 2026-07-08 18:02:41,799 log 72714 131249348789952 Not Found: /static/admin/css/responsive.css
WARNING 2026-07-08 18:02:41,800 log 72714 131249366623936 Not Found: /static/admin/js/nav_sidebar.js
WARNING 2026-07-08 18:02:41,801 basehttp 72714 131249348789952 "GET /static/admin/css/responsive.css HTTP/1.1" 404 179
WARNING 2026-07-08 18:02:41,800 log 72714 131249375016640 Not Found: /static/admin/js/filters.js
WARNING 2026-07-08 18:02:41,801 basehttp 72714 131249366623936 "GET /static/admin/js/nav_sidebar.js HTTP/1.1" 404 179
WARNING 2026-07-08 18:02:41,801 basehttp 72714 131249375016640 "GET /static/admin/js/filters.js HTTP/1.1" 404 179
INFO 2026-07-08 18:02:42,006 basehttp 72714 131249375016640 "GET /admin/banklist/transaction/?txn_type__exact=debit HTTP/1.1" 200 19960
WARNING 2026-07-08 18:02:42,013 log 72714 131249375016640 Not Found: /static/admin/css/base.css
WARNING 2026-07-08 18:02:42,015 log 72714 131249330955968 Not Found: /static/admin/css/changelists.css
WARNING 2026-07-08 18:02:42,013 log 72714 131249366623936 Not Found: /static/admin/css/dark_mode.css
WARNING 2026-07-08 18:02:42,014 log 72714 131249357182656 Not Found: /static/admin/css/nav_sidebar.css
WARNING 2026-07-08 18:02:42,015 log 72714 131249348789952 Not Found: /static/admin/js/theme.js
WARNING 2026-07-08 18:02:42,016 basehttp 72714 131249375016640 "GET /static/admin/css/base.css HTTP/1.1" 404 179
WARNING 2026-07-08 18:02:42,017 basehttp 72714 131249357182656 "GET /static/admin/css/nav_sidebar.css HTTP/1.1" 404 179
WARNING 2026-07-08 18:02:42,017 basehttp 72714 131249330955968 "GET /static/admin/css/changelists.css HTTP/1.1" 404 179
WARNING 2026-07-08 18:02:42,017 basehttp 72714 131249366623936 "GET /static/admin/css/dark_mode.css HTTP/1.1" 404 179
WARNING 2026-07-08 18:02:42,017 basehttp 72714 131249348789952 "GET /static/admin/js/theme.js HTTP/1.1" 404 179
WARNING 2026-07-08 18:02:42,024 log 72714 131249330955968 Not Found: /static/admin/css/responsive.css
WARNING 2026-07-08 18:02:42,025 log 72714 131249357182656 Not Found: /static/admin/js/jquery.init.js
WARNING 2026-07-08 18:02:42,025 log 72714 131249366623936 Not Found: /static/admin/js/vendor/jquery/jquery.min.js
WARNING 2026-07-08 18:02:42,026 log 72714 131249348789952 Not Found: /static/admin/js/core.js
WARNING 2026-07-08 18:02:42,026 basehttp 72714 131249366623936 "GET /static/admin/js/vendor/jquery/jquery.min.js HTTP/1.1" 404 179
WARNING 2026-07-08 18:02:42,026 basehttp 72714 131249357182656 "GET /static/admin/js/jquery.init.js HTTP/1.1" 404 179
WARNING 2026-07-08 18:02:42,026 basehttp 72714 131249330955968 "GET /static/admin/css/responsive.css HTTP/1.1" 404 179
WARNING 2026-07-08 18:02:42,027 basehttp 72714 131249348789952 "GET /static/admin/js/core.js HTTP/1.1" 404 179
INFO 2026-07-08 18:02:42,029 basehttp 72714 131249339348672 "GET /admin/jsi18n/ HTTP/1.1" 200 3342
WARNING 2026-07-08 18:02:42,032 log 72714 131249339348672 Not Found: /static/admin/js/admin/RelatedObjectLookups.js
WARNING 2026-07-08 18:02:42,032 basehttp 72714 131249339348672 "GET /static/admin/js/admin/RelatedObjectLookups.js HTTP/1.1" 404 179
WARNING 2026-07-08 18:02:42,059 log 72714 131249375016640 Not Found: /static/admin/js/actions.js
WARNING 2026-07-08 18:02:42,059 basehttp 72714 131249375016640 "GET /static/admin/js/actions.js HTTP/1.1" 404 179
WARNING 2026-07-08 18:02:42,072 log 72714 131249330955968 Not Found: /static/admin/css/nav_sidebar.css
WARNING 2026-07-08 18:02:42,074 log 72714 131249339348672 Not Found: /static/admin/js/vendor/xregexp/xregexp.min.js
WARNING 2026-07-08 18:02:42,073 log 72714 131249348789952 Not Found: /static/admin/js/urlify.js
WARNING 2026-07-08 18:02:42,075 basehttp 72714 131249330955968 "GET /static/admin/css/nav_sidebar.css HTTP/1.1" 404 179
WARNING 2026-07-08 18:02:42,075 basehttp 72714 131249348789952 "GET /static/admin/js/urlify.js HTTP/1.1" 404 179
WARNING 2026-07-08 18:02:42,075 basehttp 72714 131249339348672 "GET /static/admin/js/vendor/xregexp/xregexp.min.js HTTP/1.1" 404 179
WARNING 2026-07-08 18:02:42,074 log 72714 131249366623936 Not Found: /static/admin/js/prepopulate.js
WARNING 2026-07-08 18:02:42,073 log 72714 131249357182656 Not Found: /static/admin/css/changelists.css
WARNING 2026-07-08 18:02:42,075 basehttp 72714 131249366623936 "GET /static/admin/js/prepopulate.js HTTP/1.1" 404 179
WARNING 2026-07-08 18:02:42,075 basehttp 72714 131249357182656 "GET /static/admin/css/changelists.css HTTP/1.1" 404 179
WARNING 2026-07-08 18:02:42,102 log 72714 131249375016640 Not Found: /static/admin/img/search.svg
WARNING 2026-07-08 18:02:42,102 basehttp 72714 131249375016640 "GET /static/admin/img/search.svg HTTP/1.1" 404 179
WARNING 2026-07-08 18:02:42,124 log 72714 131249339348672 Not Found: /static/admin/css/responsive.css
WARNING 2026-07-08 18:02:42,125 log 72714 131249348789952 Not Found: /static/admin/js/filters.js
WARNING 2026-07-08 18:02:42,125 log 72714 131249366623936 Not Found: /static/admin/js/nav_sidebar.js
WARNING 2026-07-08 18:02:42,126 basehttp 72714 131249339348672 "GET /static/admin/css/responsive.css HTTP/1.1" 404 179
WARNING 2026-07-08 18:02:42,126 basehttp 72714 131249366623936 "GET /static/admin/js/nav_sidebar.js HTTP/1.1" 404 179
WARNING 2026-07-08 18:02:42,126 basehttp 72714 131249348789952 "GET /static/admin/js/filters.js HTTP/1.1" 404 179
INFO 2026-07-08 18:02:42,351 basehttp 72714 131249366623936 "GET /admin/banklist/transaction/?txn_type__exact=debit HTTP/1.1" 200 19960
WARNING 2026-07-08 18:02:42,358 log 72714 131249366623936 Not Found: /static/admin/css/base.css
WARNING 2026-07-08 18:02:42,359 log 72714 131249375016640 Not Found: /static/admin/css/nav_sidebar.css
WARNING 2026-07-08 18:02:42,360 log 72714 131249357182656 Not Found: /static/admin/css/changelists.css
WARNING 2026-07-08 18:02:42,359 log 72714 131249348789952 Not Found: /static/admin/css/dark_mode.css
WARNING 2026-07-08 18:02:42,360 log 72714 131249339348672 Not Found: /static/admin/js/theme.js
WARNING 2026-07-08 18:02:42,361 basehttp 72714 131249366623936 "GET /static/admin/css/base.css HTTP/1.1" 404 179
WARNING 2026-07-08 18:02:42,362 basehttp 72714 131249357182656 "GET /static/admin/css/changelists.css HTTP/1.1" 404 179
WARNING 2026-07-08 18:02:42,362 basehttp 72714 131249339348672 "GET /static/admin/js/theme.js HTTP/1.1" 404 179
WARNING 2026-07-08 18:02:42,362 basehttp 72714 131249375016640 "GET /static/admin/css/nav_sidebar.css HTTP/1.1" 404 179
WARNING 2026-07-08 18:02:42,362 basehttp 72714 131249348789952 "GET /static/admin/css/dark_mode.css HTTP/1.1" 404 179
WARNING 2026-07-08 18:02:42,369 log 72714 131249357182656 Not Found: /static/admin/css/responsive.css
WARNING 2026-07-08 18:02:42,370 log 72714 131249375016640 Not Found: /static/admin/js/vendor/jquery/jquery.min.js
WARNING 2026-07-08 18:02:42,370 log 72714 131249348789952 Not Found: /static/admin/js/jquery.init.js
WARNING 2026-07-08 18:02:42,371 basehttp 72714 131249348789952 "GET /static/admin/js/jquery.init.js HTTP/1.1" 404 179
WARNING 2026-07-08 18:02:42,371 basehttp 72714 131249375016640 "GET /static/admin/js/vendor/jquery/jquery.min.js HTTP/1.1" 404 179
WARNING 2026-07-08 18:02:42,370 log 72714 131249339348672 Not Found: /static/admin/js/core.js
WARNING 2026-07-08 18:02:42,371 basehttp 72714 131249357182656 "GET /static/admin/css/responsive.css HTTP/1.1" 404 179
WARNING 2026-07-08 18:02:42,372 basehttp 72714 131249339348672 "GET /static/admin/js/core.js HTTP/1.1" 404 179
INFO 2026-07-08 18:02:42,375 basehttp 72714 131249330955968 "GET /admin/jsi18n/ HTTP/1.1" 200 3342
WARNING 2026-07-08 18:02:42,377 log 72714 131249330955968 Not Found: /static/admin/js/admin/RelatedObjectLookups.js
WARNING 2026-07-08 18:02:42,377 basehttp 72714 131249330955968 "GET /static/admin/js/admin/RelatedObjectLookups.js HTTP/1.1" 404 179
WARNING 2026-07-08 18:02:42,404 log 72714 131249366623936 Not Found: /static/admin/js/actions.js
WARNING 2026-07-08 18:02:42,404 basehttp 72714 131249366623936 "GET /static/admin/js/actions.js HTTP/1.1" 404 179
WARNING 2026-07-08 18:02:42,418 log 72714 131249357182656 Not Found: /static/admin/css/nav_sidebar.css
WARNING 2026-07-08 18:02:42,420 log 72714 131249375016640 Not Found: /static/admin/js/urlify.js
WARNING 2026-07-08 18:02:42,422 log 72714 131249348789952 Not Found: /static/admin/css/changelists.css
WARNING 2026-07-08 18:02:42,423 log 72714 131249330955968 Not Found: /static/admin/js/vendor/xregexp/xregexp.min.js
WARNING 2026-07-08 18:02:42,421 log 72714 131249339348672 Not Found: /static/admin/js/prepopulate.js
WARNING 2026-07-08 18:02:42,424 basehttp 72714 131249330955968 "GET /static/admin/js/vendor/xregexp/xregexp.min.js HTTP/1.1" 404 179
WARNING 2026-07-08 18:02:42,424 basehttp 72714 131249339348672 "GET /static/admin/js/prepopulate.js HTTP/1.1" 404 179
WARNING 2026-07-08 18:02:42,423 basehttp 72714 131249357182656 "GET /static/admin/css/nav_sidebar.css HTTP/1.1" 404 179
WARNING 2026-07-08 18:02:42,424 basehttp 72714 131249375016640 "GET /static/admin/js/urlify.js HTTP/1.1" 404 179
WARNING 2026-07-08 18:02:42,424 basehttp 72714 131249348789952 "GET /static/admin/css/changelists.css HTTP/1.1" 404 179
WARNING 2026-07-08 18:02:42,448 log 72714 131249366623936 Not Found: /static/admin/img/search.svg
WARNING 2026-07-08 18:02:42,448 basehttp 72714 131249366623936 "GET /static/admin/img/search.svg HTTP/1.1" 404 179
WARNING 2026-07-08 18:02:42,473 log 72714 131249339348672 Not Found: /static/admin/css/responsive.css
WARNING 2026-07-08 18:02:42,473 log 72714 131249330955968 Not Found: /static/admin/js/nav_sidebar.js
WARNING 2026-07-08 18:02:42,474 log 72714 131249375016640 Not Found: /static/admin/js/filters.js
WARNING 2026-07-08 18:02:42,474 basehttp 72714 131249330955968 "GET /static/admin/js/nav_sidebar.js HTTP/1.1" 404 179
WARNING 2026-07-08 18:02:42,474 basehttp 72714 131249339348672 "GET /static/admin/css/responsive.css HTTP/1.1" 404 179
WARNING 2026-07-08 18:02:42,474 basehttp 72714 131249375016640 "GET /static/admin/js/filters.js HTTP/1.1" 404 179
INFO 2026-07-08 18:02:44,513 basehttp 72714 131249375016640 "GET /admin/banklist/transaction/ HTTP/1.1" 200 19618
WARNING 2026-07-08 18:02:44,520 log 72714 131249375016640 Not Found: /static/admin/css/dark_mode.css
WARNING 2026-07-08 18:02:44,521 log 72714 131249330955968 Not Found: /static/admin/css/nav_sidebar.css
WARNING 2026-07-08 18:02:44,521 log 72714 131249339348672 Not Found: /static/admin/css/changelists.css
WARNING 2026-07-08 18:02:44,522 basehttp 72714 131249375016640 "GET /static/admin/css/dark_mode.css HTTP/1.1" 404 179
WARNING 2026-07-08 18:02:44,523 basehttp 72714 131249339348672 "GET /static/admin/css/changelists.css HTTP/1.1" 404 179
WARNING 2026-07-08 18:02:44,523 basehttp 72714 131249330955968 "GET /static/admin/css/nav_sidebar.css HTTP/1.1" 404 179
WARNING 2026-07-08 18:02:44,565 log 72714 131249375016640 Not Found: /static/admin/css/nav_sidebar.css
WARNING 2026-07-08 18:02:44,566 log 72714 131249330955968 Not Found: /static/admin/css/changelists.css
WARNING 2026-07-08 18:02:44,566 basehttp 72714 131249375016640 "GET /static/admin/css/nav_sidebar.css HTTP/1.1" 404 179
WARNING 2026-07-08 18:02:44,566 basehttp 72714 131249330955968 "GET /static/admin/css/changelists.css HTTP/1.1" 404 179
WARNING 2026-07-08 18:03:08,093 log 72714 131249319417536 Not Found: /ADMIN/
WARNING 2026-07-08 18:03:08,093 basehttp 72714 131249319417536 "GET /ADMIN/ HTTP/1.1" 404 179
INFO 2026-07-08 18:03:16,123 basehttp 72714 131249319417536 "GET /admin/ HTTP/1.1" 302 0
INFO 2026-07-08 18:03:16,131 basehttp 72714 131249319417536 "GET /admin/login/?next=/admin/ HTTP/1.1" 200 4174
WARNING 2026-07-08 18:03:16,180 log 72714 131249319417536 Not Found: /static/admin/css/base.css
WARNING 2026-07-08 18:03:16,181 log 72714 131249311024832 Not Found: /static/admin/css/dark_mode.css
WARNING 2026-07-08 18:03:16,181 basehttp 72714 131249319417536 "GET /static/admin/css/base.css HTTP/1.1" 404 179
WARNING 2026-07-08 18:03:16,182 log 72714 131248831854272 Not Found: /static/admin/css/nav_sidebar.css
WARNING 2026-07-08 18:03:16,183 basehttp 72714 131249311024832 "GET /static/admin/css/dark_mode.css HTTP/1.1" 404 179
WARNING 2026-07-08 18:03:16,182 log 72714 131248823461568 Not Found: /static/admin/css/login.css
WARNING 2026-07-08 18:03:16,184 log 72714 131248806676160 Not Found: /static/admin/js/theme.js
WARNING 2026-07-08 18:03:16,183 log 72714 131248815068864 Not Found: /static/admin/css/responsive.css
WARNING 2026-07-08 18:03:16,184 basehttp 72714 131248831854272 "GET /static/admin/css/nav_sidebar.css HTTP/1.1" 404 179
WARNING 2026-07-08 18:03:16,184 basehttp 72714 131248823461568 "GET /static/admin/css/login.css HTTP/1.1" 404 179
WARNING 2026-07-08 18:03:16,184 basehttp 72714 131248806676160 "GET /static/admin/js/theme.js HTTP/1.1" 404 179
WARNING 2026-07-08 18:03:16,185 basehttp 72714 131248815068864 "GET /static/admin/css/responsive.css HTTP/1.1" 404 179
WARNING 2026-07-08 18:03:16,191 log 72714 131248806676160 Not Found: /static/admin/js/nav_sidebar.js
WARNING 2026-07-08 18:03:16,191 basehttp 72714 131248806676160 "GET /static/admin/js/nav_sidebar.js HTTP/1.1" 404 179
WARNING 2026-07-08 18:03:16,225 log 72714 131249319417536 Not Found: /static/admin/css/nav_sidebar.css
WARNING 2026-07-08 18:03:16,226 log 72714 131248823461568 Not Found: /static/admin/css/login.css
WARNING 2026-07-08 18:03:16,227 basehttp 72714 131249319417536 "GET /static/admin/css/nav_sidebar.css HTTP/1.1" 404 179
WARNING 2026-07-08 18:03:16,226 log 72714 131248815068864 Not Found: /static/admin/css/responsive.css
WARNING 2026-07-08 18:03:16,227 basehttp 72714 131248823461568 "GET /static/admin/css/login.css HTTP/1.1" 404 179
WARNING 2026-07-08 18:03:16,227 basehttp 72714 131248815068864 "GET /static/admin/css/responsive.css HTTP/1.1" 404 179
INFO 2026-07-08 18:03:20,380 basehttp 72714 131249319417536 "GET /admin/ HTTP/1.1" 302 0
INFO 2026-07-08 18:03:20,385 basehttp 72714 131249319417536 "GET /admin/login/?next=/admin/ HTTP/1.1" 200 4174
WARNING 2026-07-08 18:03:20,433 log 72714 131249319417536 Not Found: /static/admin/css/base.css
WARNING 2026-07-08 18:03:20,434 log 72714 131248806676160 Not Found: /static/admin/css/dark_mode.css
WARNING 2026-07-08 18:03:20,435 log 72714 131248831854272 Not Found: /static/admin/css/login.css
WARNING 2026-07-08 18:03:20,436 log 72714 131248815068864 Not Found: /static/admin/js/theme.js
WARNING 2026-07-08 18:03:20,437 basehttp 72714 131249319417536 "GET /static/admin/css/base.css HTTP/1.1" 404 179
WARNING 2026-07-08 18:03:20,437 basehttp 72714 131248806676160 "GET /static/admin/css/dark_mode.css HTTP/1.1" 404 179
WARNING 2026-07-08 18:03:20,436 log 72714 131249311024832 Not Found: /static/admin/css/responsive.css
WARNING 2026-07-08 18:03:20,435 log 72714 131248823461568 Not Found: /static/admin/css/nav_sidebar.css
WARNING 2026-07-08 18:03:20,438 basehttp 72714 131248831854272 "GET /static/admin/css/login.css HTTP/1.1" 404 179
WARNING 2026-07-08 18:03:20,438 basehttp 72714 131248815068864 "GET /static/admin/js/theme.js HTTP/1.1" 404 179
WARNING 2026-07-08 18:03:20,438 basehttp 72714 131249311024832 "GET /static/admin/css/responsive.css HTTP/1.1" 404 179
WARNING 2026-07-08 18:03:20,438 basehttp 72714 131248823461568 "GET /static/admin/css/nav_sidebar.css HTTP/1.1" 404 179
WARNING 2026-07-08 18:03:20,446 log 72714 131248815068864 Not Found: /static/admin/js/nav_sidebar.js
WARNING 2026-07-08 18:03:20,446 basehttp 72714 131248815068864 "GET /static/admin/js/nav_sidebar.js HTTP/1.1" 404 179
WARNING 2026-07-08 18:03:20,481 log 72714 131249319417536 Not Found: /static/admin/css/nav_sidebar.css
WARNING 2026-07-08 18:03:20,482 log 72714 131249311024832 Not Found: /static/admin/css/responsive.css
WARNING 2026-07-08 18:03:20,482 log 72714 131248823461568 Not Found: /static/admin/css/login.css
WARNING 2026-07-08 18:03:20,482 basehttp 72714 131249319417536 "GET /static/admin/css/nav_sidebar.css HTTP/1.1" 404 179
WARNING 2026-07-08 18:03:20,483 basehttp 72714 131249311024832 "GET /static/admin/css/responsive.css HTTP/1.1" 404 179
WARNING 2026-07-08 18:03:20,483 basehttp 72714 131248823461568 "GET /static/admin/css/login.css HTTP/1.1" 404 179
INFO 2026-07-08 18:05:43,893 autoreload 72714 131250158363136 /home/jiteshai-web/AccountsDashboard_backend/accounts/accounts/settings.py changed, reloading.
INFO 2026-07-08 18:05:44,649 autoreload 73108 131840666837504 Watching for file changes with StatReloader
INFO 2026-07-08 18:05:48,551 autoreload 73146 124988981412352 Watching for file changes with StatReloader
INFO 2026-07-08 18:05:52,812 basehttp 73146 124988197697216 "GET /admin/login/?next=/admin/ HTTP/1.1" 200 4174
INFO 2026-07-08 18:05:52,834 basehttp 73146 124988188255936 "GET /static/admin/css/dark_mode.css HTTP/1.1" 200 2808
INFO 2026-07-08 18:05:52,834 basehttp 73146 124988103321280 "GET /static/admin/css/nav_sidebar.css HTTP/1.1" 200 2810
INFO 2026-07-08 18:05:52,834 basehttp 73146 124988111713984 "GET /static/admin/js/theme.js HTTP/1.1" 200 1653
INFO 2026-07-08 18:05:52,834 basehttp 73146 124988197697216 "GET /static/admin/css/base.css HTTP/1.1" 200 22120
INFO 2026-07-08 18:05:52,835 basehttp 73146 124988093880000 "GET /static/admin/css/login.css HTTP/1.1" 200 951
INFO 2026-07-08 18:05:52,835 basehttp 73146 124988085487296 "GET /static/admin/css/responsive.css HTTP/1.1" 200 16565
INFO 2026-07-08 18:05:52,842 basehttp 73146 124988111713984 "GET /static/admin/js/nav_sidebar.js HTTP/1.1" 200 3063
WARNING 2026-07-08 18:06:03,142 log 73146 124988111713984 Not Found: /
WARNING 2026-07-08 18:06:03,142 basehttp 73146 124988111713984 "GET / HTTP/1.1" 404 2304
INFO 2026-07-08 18:06:25,642 basehttp 73146 124988085487296 "GET /admin/banklist/transaction/ HTTP/1.1" 200 19610
INFO 2026-07-08 18:06:25,650 basehttp 73146 124988085487296 "GET /static/admin/css/base.css HTTP/1.1" 200 22120
INFO 2026-07-08 18:06:25,650 basehttp 73146 124988111713984 "GET /static/admin/css/dark_mode.css HTTP/1.1" 200 2808
INFO 2026-07-08 18:06:25,652 basehttp 73146 124988188255936 "GET /static/admin/css/nav_sidebar.css HTTP/1.1" 200 2810
INFO 2026-07-08 18:06:25,652 basehttp 73146 124988103321280 "GET /static/admin/css/changelists.css HTTP/1.1" 200 6878
INFO 2026-07-08 18:06:25,658 basehttp 73146 124988103321280 "GET /static/admin/js/jquery.init.js HTTP/1.1" 200 347
INFO 2026-07-08 18:06:25,659 basehttp 73146 124988111713984 "GET /static/admin/css/responsive.css HTTP/1.1" 200 16565
INFO 2026-07-08 18:06:25,659 basehttp 73146 124988197697216 "GET /static/admin/js/theme.js HTTP/1.1" 200 1653
INFO 2026-07-08 18:06:25,659 basehttp 73146 124988188255936 "GET /static/admin/js/vendor/jquery/jquery.js HTTP/1.1" 200 285314
INFO 2026-07-08 18:06:25,663 basehttp 73146 124988197697216 "GET /static/admin/js/core.js HTTP/1.1" 200 6208
INFO 2026-07-08 18:06:25,663 basehttp 73146 124988188255936 "GET /static/admin/js/admin/RelatedObjectLookups.js HTTP/1.1" 200 9777
INFO 2026-07-08 18:06:25,669 basehttp 73146 124988093880000 "GET /admin/jsi18n/ HTTP/1.1" 200 3342
INFO 2026-07-08 18:06:25,672 basehttp 73146 124988093880000 "GET /static/admin/js/actions.js HTTP/1.1" 200 8076
INFO 2026-07-08 18:06:25,693 basehttp 73146 124988085487296 "GET /static/admin/js/urlify.js HTTP/1.1" 200 7887
INFO 2026-07-08 18:06:25,701 basehttp 73146 124988103321280 "GET /static/admin/js/prepopulate.js HTTP/1.1" 200 1531
INFO 2026-07-08 18:06:25,702 basehttp 73146 124988111713984 "GET /static/admin/js/vendor/xregexp/xregexp.js HTTP/1.1" 200 325171
INFO 2026-07-08 18:06:25,706 basehttp 73146 124988197697216 "GET /static/admin/img/search.svg HTTP/1.1" 200 458
INFO 2026-07-08 18:06:25,744 basehttp 73146 124988103321280 "GET /static/admin/js/nav_sidebar.js HTTP/1.1" 200 3063
INFO 2026-07-08 18:06:25,753 basehttp 73146 124988197697216 "GET /static/admin/js/filters.js HTTP/1.1" 200 978
INFO 2026-07-08 18:06:25,758 basehttp 73146 124988111713984 "GET /static/admin/img/icon-viewlink.svg HTTP/1.1" 200 581
INFO 2026-07-08 18:06:25,758 basehttp 73146 124988085487296 "GET /static/admin/img/icon-addlink.svg HTTP/1.1" 200 331
INFO 2026-07-08 18:06:25,758 basehttp 73146 124988093880000 "GET /static/admin/img/tooltag-add.svg HTTP/1.1" 200 331
INFO 2026-07-08 18:06:35,895 basehttp 73146 124988085487296 "GET /admin/banklist/user/ HTTP/1.1" 200 21922
INFO 2026-07-08 18:06:35,903 basehttp 73146 124988111713984 "GET /static/admin/img/icon-yes.svg HTTP/1.1" 200 436
INFO 2026-07-08 18:06:35,915 basehttp 73146 124988085487296 "GET /admin/jsi18n/ HTTP/1.1" 200 3342
INFO 2026-07-08 18:06:35,975 basehttp 73146 124988085487296 "GET /static/admin/img/sorting-icons.svg HTTP/1.1" 200 1097
INFO 2026-07-08 18:06:38,440 basehttp 73146 124988085487296 "GET /admin/banklist/uploadedstatement/ HTTP/1.1" 200 19304
INFO 2026-07-08 18:06:38,459 basehttp 73146 124988085487296 "GET /admin/jsi18n/ HTTP/1.1" 200 3342
INFO 2026-07-08 18:06:40,143 basehttp 73146 124988085487296 "GET /admin/banklist/transaction/ HTTP/1.1" 200 19610
INFO 2026-07-08 18:06:40,162 basehttp 73146 124988085487296 "GET /admin/jsi18n/ HTTP/1.1" 200 3342
INFO 2026-07-08 18:06:41,375 basehttp 73146 124988085487296 "GET /admin/banklist/reconciliationrun/ HTTP/1.1" 200 18798
INFO 2026-07-08 18:06:41,393 basehttp 73146 124988085487296 "GET /admin/jsi18n/ HTTP/1.1" 200 3342
INFO 2026-07-08 18:06:42,727 basehttp 73146 124988085487296 "GET /admin/banklist/reconciliationrule/ HTTP/1.1" 200 18813
INFO 2026-07-08 18:06:42,746 basehttp 73146 124988085487296 "GET /admin/jsi18n/ HTTP/1.1" 200 3342
INFO 2026-07-08 18:06:43,440 basehttp 73146 124988085487296 "GET /admin/banklist/receiptdocument/ HTTP/1.1" 200 19117
INFO 2026-07-08 18:06:43,460 basehttp 73146 124988085487296 "GET /admin/jsi18n/ HTTP/1.1" 200 3342
INFO 2026-07-08 18:06:44,062 basehttp 73146 124988085487296 "GET /admin/banklist/company/ HTTP/1.1" 200 18373
INFO 2026-07-08 18:06:44,080 basehttp 73146 124988085487296 "GET /admin/jsi18n/ HTTP/1.1" 200 3342
INFO 2026-07-08 18:06:44,982 basehttp 73146 124988085487296 "GET /admin/banklist/bank/ HTTP/1.1" 200 19035
INFO 2026-07-08 18:06:45,001 basehttp 73146 124988085487296 "GET /admin/jsi18n/ HTTP/1.1" 200 3342
INFO 2026-07-08 18:06:46,040 basehttp 73146 124988085487296 "GET /admin/banklist/bankaccount/ HTTP/1.1" 200 18406
INFO 2026-07-08 18:06:46,059 basehttp 73146 124988085487296 "GET /admin/jsi18n/ HTTP/1.1" 200 3342
INFO 2026-07-08 18:06:46,487 basehttp 73146 124988085487296 "GET /admin/banklist/auditlog/ HTTP/1.1" 200 19895
INFO 2026-07-08 18:06:46,506 basehttp 73146 124988085487296 "GET /admin/jsi18n/ HTTP/1.1" 200 3342
INFO 2026-07-08 18:08:34,881 basehttp 73146 124988074997440 "OPTIONS /api/bank-accounts/ HTTP/1.1" 200 0
INFO 2026-07-08 18:08:34,882 basehttp 73146 124988066604736 "OPTIONS /api/bank-accounts/ HTTP/1.1" 200 0
WARNING 2026-07-08 18:08:34,899 log 73146 124988074997440 Unauthorized: /api/bank-accounts/
WARNING 2026-07-08 18:08:34,899 basehttp 73146 124988074997440 "GET /api/bank-accounts/ HTTP/1.1" 401 51
WARNING 2026-07-08 18:08:34,953 log 73146 124988066604736 Unauthorized: /api/bank-accounts/
WARNING 2026-07-08 18:08:34,953 basehttp 73146 124988066604736 "GET /api/bank-accounts/ HTTP/1.1" 401 51
INFO 2026-07-08 18:08:41,067 basehttp 73146 124988066604736 "OPTIONS /api/auth/logout/ HTTP/1.1" 200 0
WARNING 2026-07-08 18:08:41,080 log 73146 124988066604736 Unauthorized: /api/auth/logout/
WARNING 2026-07-08 18:08:41,081 basehttp 73146 124988066604736 "POST /api/auth/logout/ HTTP/1.1" 401 51
INFO 2026-07-08 18:09:14,180 basehttp 73146 124988066604736 "OPTIONS /api/auth/register/ HTTP/1.1" 200 0
INFO 2026-07-08 18:09:14,359 basehttp 73146 124988066604736 "POST /api/auth/register/ HTTP/1.1" 201 636
INFO 2026-07-08 18:09:14,403 basehttp 73146 124988066604736 "OPTIONS /api/banks/init-company-folder/ HTTP/1.1" 200 0
INFO 2026-07-08 18:09:21,831 basehttp 73146 124988066604736 "POST /api/banks/init-company-folder/ HTTP/1.1" 200 363
INFO 2026-07-08 18:09:21,914 basehttp 73146 124988066604736 "GET /api/bank-accounts/ HTTP/1.1" 200 2
INFO 2026-07-08 18:09:21,971 basehttp 73146 124988066604736 "GET /api/bank-accounts/ HTTP/1.1" 200 2
INFO 2026-07-08 18:10:03,528 basehttp 73146 124988066604736 "OPTIONS /api/banks/ HTTP/1.1" 200 0
INFO 2026-07-08 18:10:03,529 basehttp 73146 124988074997440 "OPTIONS /api/banks/ HTTP/1.1" 200 0
WARNING 2026-07-08 18:10:03,537 log 73146 124988074997440 Not Found: /api/banks/
WARNING 2026-07-08 18:10:03,538 basehttp 73146 124988074997440 "GET /api/banks/ HTTP/1.1" 404 10155
WARNING 2026-07-08 18:10:03,583 log 73146 124988066604736 Not Found: /api/banks/
WARNING 2026-07-08 18:10:03,584 basehttp 73146 124988066604736 "GET /api/banks/ HTTP/1.1" 404 10155
INFO 2026-07-08 18:10:04,029 basehttp 73146 124988066604736 "OPTIONS /api/banks/search/?search= HTTP/1.1" 200 0
INFO 2026-07-08 18:10:04,044 basehttp 73146 124988066604736 "GET /api/banks/search/?search= HTTP/1.1" 200 2
INFO 2026-07-08 18:10:50,945 basehttp 73146 124988066604736 "GET /api/bank-accounts/ HTTP/1.1" 200 2
INFO 2026-07-08 18:10:50,961 basehttp 73146 124988066604736 "GET /api/bank-accounts/ HTTP/1.1" 200 2
WARNING 2026-07-08 18:10:55,305 log 73146 124988066604736 Not Found: /api/banks/
WARNING 2026-07-08 18:10:55,305 basehttp 73146 124988066604736 "GET /api/banks/ HTTP/1.1" 404 10155
WARNING 2026-07-08 18:10:55,311 log 73146 124988066604736 Not Found: /api/banks/
WARNING 2026-07-08 18:10:55,311 basehttp 73146 124988066604736 "GET /api/banks/ HTTP/1.1" 404 10155
INFO 2026-07-08 18:10:55,812 basehttp 73146 124988066604736 "GET /api/banks/search/?search= HTTP/1.1" 200 2
INFO 2026-07-08 18:11:27,853 basehttp 73146 124988066604736 "GET /api/bank-accounts/ HTTP/1.1" 200 2
INFO 2026-07-08 18:11:27,867 basehttp 73146 124988066604736 "GET /api/bank-accounts/ HTTP/1.1" 200 2
INFO 2026-07-08 18:11:40,880 basehttp 73146 124988066604736 "OPTIONS /api/receipts/upload/ HTTP/1.1" 200 0
INFO 2026-07-08 18:11:46,414 basehttp 73146 124988066604736 "POST /api/receipts/upload/ HTTP/1.1" 202 206
INFO 2026-07-08 18:11:46,427 tasks 73514 131431509066240 Processing receipt 1: tax invoice RslD associate ropipe.pdf
INFO 2026-07-08 18:11:53,467 tasks 73514 131431509066240 Receipt 1: ₹55.00
INFO 2026-07-08 18:20:27,372 basehttp 73146 124988074997440 "GET /admin/token_blacklist/ HTTP/1.1" 200 6281
INFO 2026-07-08 18:20:27,380 basehttp 73146 124988074997440 "GET /static/admin/css/dashboard.css HTTP/1.1" 200 441
INFO 2026-07-08 18:20:27,425 basehttp 73146 124988074997440 "GET /static/admin/img/icon-changelink.svg HTTP/1.1" 200 380
INFO 2026-07-08 18:20:30,430 basehttp 73146 124988074997440 "GET /admin/ HTTP/1.1" 200 20323
INFO 2026-07-08 18:24:53,183 basehttp 73146 124988066604736 "GET /admin/banklist/bank/ HTTP/1.1" 200 19035
INFO 2026-07-08 18:24:53,206 basehttp 73146 124988066604736 "GET /admin/jsi18n/ HTTP/1.1" 200 3342
INFO 2026-07-08 18:25:02,147 basehttp 73146 124988066604736 "GET /admin/banklist/bank/add/ HTTP/1.1" 200 19964
INFO 2026-07-08 18:25:02,157 basehttp 73146 124988103321280 "GET /static/admin/js/prepopulate_init.js HTTP/1.1" 200 586
INFO 2026-07-08 18:25:02,157 basehttp 73146 124988066604736 "GET /static/admin/css/forms.css HTTP/1.1" 200 8525
INFO 2026-07-08 18:25:02,169 basehttp 73146 124988111713984 "GET /admin/jsi18n/ HTTP/1.1" 200 3342
INFO 2026-07-08 18:25:02,172 basehttp 73146 124988111713984 "GET /static/admin/js/change_form.js HTTP/1.1" 200 606
INFO 2026-07-08 18:25:02,201 basehttp 73146 124988066604736 "GET /static/admin/css/widgets.css HTTP/1.1" 200 11973
INFO 2026-07-10 11:55:00,935 autoreload 14881 125170112455168 Watching for file changes with StatReloader
INFO 2026-07-10 11:56:13,830 autoreload 14881 125170112455168 /home/jiteshai-web/AccountsDashboard_backend/accounts/banklist/services/enhanced_reconciliation_engine.py changed, reloading.
INFO 2026-07-10 11:56:14,399 autoreload 14955 128801102471680 Watching for file changes with StatReloader
INFO 2026-07-10 11:56:28,058 autoreload 14955 128801102471680 /home/jiteshai-web/AccountsDashboard_backend/accounts/banklist/services/enhanced_reconciliation_engine.py changed, reloading.
INFO 2026-07-10 11:56:28,635 autoreload 15008 138335778906624 Watching for file changes with StatReloader
INFO 2026-07-10 11:56:47,382 autoreload 15008 138335778906624 /home/jiteshai-web/AccountsDashboard_backend/accounts/banklist/services/enhanced_reconciliation_engine.py changed, reloading.
INFO 2026-07-10 11:56:47,981 autoreload 15059 136083796816384 Watching for file changes with StatReloader
INFO 2026-07-10 11:56:59,596 autoreload 15059 136083796816384 /home/jiteshai-web/AccountsDashboard_backend/accounts/banklist/services/enhanced_reconciliation_engine.py changed, reloading.
INFO 2026-07-10 11:57:00,170 autoreload 15110 127234243002880 Watching for file changes with StatReloader
INFO 2026-07-10 11:57:08,731 autoreload 15110 127234243002880 /home/jiteshai-web/AccountsDashboard_backend/accounts/banklist/services/enhanced_reconciliation_engine.py changed, reloading.
INFO 2026-07-10 11:57:09,312 autoreload 15187 139954671620608 Watching for file changes with StatReloader
INFO 2026-07-10 11:57:58,578 autoreload 15187 139954671620608 /home/jiteshai-web/AccountsDashboard_backend/accounts/banklist/services/enhanced_reconciliation_engine.py changed, reloading.
INFO 2026-07-10 11:57:59,245 autoreload 15294 133700651721216 Watching for file changes with StatReloader
INFO 2026-07-10 11:58:04,989 autoreload 15294 133700651721216 /home/jiteshai-web/AccountsDashboard_backend/accounts/banklist/services/enhanced_reconciliation_engine.py changed, reloading.
INFO 2026-07-10 11:58:05,675 autoreload 15340 125164538999296 Watching for file changes with StatReloader
INFO 2026-07-10 11:59:30,201 basehttp 15340 125163755534016 "OPTIONS /api/bank-accounts/ HTTP/1.1" 200 0
INFO 2026-07-10 11:59:30,204 basehttp 15340 125163755534016 "OPTIONS /api/bank-accounts/ HTTP/1.1" 200 0
WARNING 2026-07-10 11:59:30,213 log 15340 125163747141312 Unauthorized: /api/bank-accounts/
WARNING 2026-07-10 11:59:30,214 basehttp 15340 125163747141312 "GET /api/bank-accounts/ HTTP/1.1" 401 172
WARNING 2026-07-10 11:59:30,247 log 15340 125163755534016 Unauthorized: /api/bank-accounts/
WARNING 2026-07-10 11:59:30,247 basehttp 15340 125163755534016 "GET /api/bank-accounts/ HTTP/1.1" 401 172
INFO 2026-07-10 11:59:36,300 basehttp 15340 125163755534016 "OPTIONS /api/auth/logout/ HTTP/1.1" 200 0
WARNING 2026-07-10 11:59:36,303 log 15340 125163755534016 Unauthorized: /api/auth/logout/
WARNING 2026-07-10 11:59:36,304 basehttp 15340 125163755534016 "POST /api/auth/logout/ HTTP/1.1" 401 172
INFO 2026-07-10 12:00:00,016 tasks 15514 138891399807488 Checking for failed tasks...
INFO 2026-07-10 12:00:00,218 basehttp 15340 125163755534016 "OPTIONS /api/auth/login/ HTTP/1.1" 200 0
WARNING 2026-07-10 12:00:00,381 log 15340 125163755534016 Bad Request: /api/auth/login/
WARNING 2026-07-10 12:00:00,381 basehttp 15340 125163755534016 "POST /api/auth/login/ HTTP/1.1" 400 50
WARNING 2026-07-10 12:00:05,883 log 15340 125163755534016 Bad Request: /api/auth/login/
WARNING 2026-07-10 12:00:05,884 basehttp 15340 125163755534016 "POST /api/auth/login/ HTTP/1.1" 400 50
INFO 2026-07-10 12:03:10,428 basehttp 15340 125163755534016 "OPTIONS /api/auth/register/ HTTP/1.1" 200 0
INFO 2026-07-10 12:03:10,594 basehttp 15340 125163755534016 "POST /api/auth/register/ HTTP/1.1" 201 638
INFO 2026-07-10 12:03:10,638 basehttp 15340 125163755534016 "OPTIONS /api/banks/init-company-folder/ HTTP/1.1" 200 0
INFO 2026-07-10 12:03:25,967 basehttp 15340 125163755534016 "POST /api/banks/init-company-folder/ HTTP/1.1" 200 363
INFO 2026-07-10 12:03:26,050 basehttp 15340 125163755534016 "GET /api/bank-accounts/ HTTP/1.1" 200 2
INFO 2026-07-10 12:03:26,105 basehttp 15340 125163755534016 "GET /api/bank-accounts/ HTTP/1.1" 200 2
INFO 2026-07-10 12:03:33,342 basehttp 15340 125163755534016 "OPTIONS /api/banks/ HTTP/1.1" 200 0
INFO 2026-07-10 12:03:33,342 basehttp 15340 125163747141312 "OPTIONS /api/banks/ HTTP/1.1" 200 0
WARNING 2026-07-10 12:03:33,352 log 15340 125163747141312 Not Found: /api/banks/
WARNING 2026-07-10 12:03:33,352 basehttp 15340 125163747141312 "GET /api/banks/ HTTP/1.1" 404 10155
WARNING 2026-07-10 12:03:33,399 log 15340 125163755534016 Not Found: /api/banks/
WARNING 2026-07-10 12:03:33,399 basehttp 15340 125163755534016 "GET /api/banks/ HTTP/1.1" 404 10155
INFO 2026-07-10 12:03:33,843 basehttp 15340 125163755534016 "OPTIONS /api/banks/search/?search= HTTP/1.1" 200 0
INFO 2026-07-10 12:03:33,858 basehttp 15340 125163755534016 "GET /api/banks/search/?search= HTTP/1.1" 200 3932
WARNING 2026-07-10 12:03:40,726 log 15340 125163755534016 Not Found: /api/banks/
WARNING 2026-07-10 12:03:40,726 basehttp 15340 125163755534016 "GET /api/banks/ HTTP/1.1" 404 10155
WARNING 2026-07-10 12:03:40,731 log 15340 125163755534016 Not Found: /api/banks/
WARNING 2026-07-10 12:03:40,731 basehttp 15340 125163755534016 "GET /api/banks/ HTTP/1.1" 404 10155
INFO 2026-07-10 12:03:41,237 basehttp 15340 125163755534016 "GET /api/banks/search/?search= HTTP/1.1" 200 3932
WARNING 2026-07-10 12:03:44,536 log 15340 125163755534016 Not Found: /api/banks/
WARNING 2026-07-10 12:03:44,536 basehttp 15340 125163755534016 "GET /api/banks/ HTTP/1.1" 404 10155
WARNING 2026-07-10 12:03:44,542 log 15340 125163755534016 Not Found: /api/banks/
WARNING 2026-07-10 12:03:44,542 basehttp 15340 125163755534016 "GET /api/banks/ HTTP/1.1" 404 10155
INFO 2026-07-10 12:03:45,043 basehttp 15340 125163755534016 "GET /api/banks/search/?search= HTTP/1.1" 200 3932
INFO 2026-07-10 12:03:53,896 basehttp 15340 125163755534016 "OPTIONS /api/banks/search/?search=dbs HTTP/1.1" 200 0
INFO 2026-07-10 12:03:53,911 basehttp 15340 125163755534016 "GET /api/banks/search/?search=dbs HTTP/1.1" 200 67
INFO 2026-07-10 12:04:28,694 basehttp 15340 125163755534016 "OPTIONS /api/banks/create-folder/ HTTP/1.1" 200 0
INFO 2026-07-10 12:04:35,114 basehttp 15340 125163755534016 "POST /api/banks/create-folder/ HTTP/1.1" 201 624
INFO 2026-07-10 12:04:35,191 basehttp 15340 125163755534016 "GET /api/bank-accounts/ HTTP/1.1" 200 464
INFO 2026-07-10 12:04:35,249 basehttp 15340 125163755534016 "GET /api/bank-accounts/ HTTP/1.1" 200 464
WARNING 2026-07-10 12:04:45,361 log 15340 125163755534016 Not Found: /api/banks/
WARNING 2026-07-10 12:04:45,361 basehttp 15340 125163755534016 "GET /api/banks/ HTTP/1.1" 404 10155
WARNING 2026-07-10 12:04:45,368 log 15340 125163755534016 Not Found: /api/banks/
WARNING 2026-07-10 12:04:45,369 basehttp 15340 125163755534016 "GET /api/banks/ HTTP/1.1" 404 10155
INFO 2026-07-10 12:04:45,871 basehttp 15340 125163755534016 "GET /api/banks/search/?search= HTTP/1.1" 200 3932
INFO 2026-07-10 12:04:48,381 basehttp 15340 125163755534016 "OPTIONS /api/banks/search/?search=state HTTP/1.1" 200 0
INFO 2026-07-10 12:04:48,395 basehttp 15340 125163755534016 "GET /api/banks/search/?search=state HTTP/1.1" 200 138
INFO 2026-07-10 12:05:21,337 basehttp 15340 125163755534016 "POST /api/banks/create-folder/ HTTP/1.1" 201 621
INFO 2026-07-10 12:05:21,366 basehttp 15340 125163755534016 "GET /api/bank-accounts/ HTTP/1.1" 200 926
INFO 2026-07-10 12:05:21,422 basehttp 15340 125163755534016 "GET /api/bank-accounts/ HTTP/1.1" 200 926
WARNING 2026-07-10 12:21:47,840 log 15340 125163755534016 Unauthorized: /api/auth/login/
WARNING 2026-07-10 12:21:47,841 basehttp 15340 125163755534016 "POST /api/auth/login/ HTTP/1.1" 401 172
INFO 2026-07-10 12:22:04,381 basehttp 15340 125163755534016 "POST /api/auth/login/ HTTP/1.1" 200 626
WARNING 2026-07-10 12:24:54,140 log 15340 125163747141312 Bad Request: /api/reconciliation/parse-statement/
WARNING 2026-07-10 12:24:54,140 basehttp 15340 125163747141312 "POST /api/reconciliation/parse-statement/ HTTP/1.1" 400 49
INFO 2026-07-10 12:25:11,256 basehttp 15340 125163747141312 "POST /api/reconciliation/parse-statement/ HTTP/1.1" 202 210
INFO 2026-07-10 12:25:32,924 pdf_parser 15514 138891399807488 Parsed 5 transactions from DBS statement
INFO 2026-07-10 12:25:32,951 tasks 15514 138891399807488 Statement 1 (DBS): 5 created, 0 skipped duplicates
INFO 2026-07-10 12:34:10,754 basehttp 15340 125163662210752 "POST /api/reconciliation/parse-statement/ HTTP/1.1" 202 210
INFO 2026-07-10 12:34:45,408 pdf_parser 15514 138891399807488 Parsed 43 transactions from DBS statement
INFO 2026-07-10 12:34:45,585 tasks 15514 138891399807488 Statement 2 (DBS): 43 created, 0 skipped duplicates
INFO 2026-07-10 12:40:26,709 basehttp 15340 125163653818048 "OPTIONS /api/banks/upload-file/async/ HTTP/1.1" 200 0
INFO 2026-07-10 12:40:26,730 basehttp 15340 125163653818048 "POST /api/banks/upload-file/async/ HTTP/1.1" 202 167
INFO 2026-07-10 12:40:26,775 basehttp 15340 125163653818048 "OPTIONS /api/tasks/df6aee59-94a2-43aa-91c8-f9805aa3959f/status/ HTTP/1.1" 200 0
INFO 2026-07-10 12:40:26,830 basehttp 15340 125163653818048 "GET /api/tasks/df6aee59-94a2-43aa-91c8-f9805aa3959f/status/ HTTP/1.1" 200 115
INFO 2026-07-10 12:40:28,385 basehttp 15340 125163653818048 "GET /api/tasks/df6aee59-94a2-43aa-91c8-f9805aa3959f/status/ HTTP/1.1" 200 115
INFO 2026-07-10 12:40:29,901 basehttp 15340 125163653818048 "GET /api/tasks/df6aee59-94a2-43aa-91c8-f9805aa3959f/status/ HTTP/1.1" 200 300
INFO 2026-07-10 13:00:00,003 tasks 15514 138891399807488 Checking for failed tasks...
WARNING 2026-07-10 13:27:18,537 log 15340 125163653818048 Not Found: /api/banks/
WARNING 2026-07-10 13:27:18,538 basehttp 15340 125163653818048 "GET /api/banks/ HTTP/1.1" 404 10155
WARNING 2026-07-10 13:27:18,543 log 15340 125163653818048 Not Found: /api/banks/
WARNING 2026-07-10 13:27:18,543 basehttp 15340 125163653818048 "GET /api/banks/ HTTP/1.1" 404 10155
INFO 2026-07-10 13:27:19,049 basehttp 15340 125163653818048 "GET /api/banks/search/?search= HTTP/1.1" 200 3932
INFO 2026-07-10 13:27:23,569 basehttp 15340 125163653818048 "GET /api/bank-accounts/ HTTP/1.1" 200 926
INFO 2026-07-10 13:27:23,588 basehttp 15340 125163653818048 "GET /api/bank-accounts/ HTTP/1.1" 200 926
INFO 2026-07-10 14:00:00,003 tasks 15514 138891399807488 Checking for failed tasks...
INFO 2026-07-10 15:00:00,003 tasks 15514 138891399807488 Checking for failed tasks...
INFO 2026-07-10 16:00:00,003 tasks 15514 138891399807488 Checking for failed tasks...
INFO 2026-07-10 17:00:00,003 tasks 15514 138891399807488 Checking for failed tasks...
INFO 2026-07-10 18:00:00,003 tasks 15514 138891399807488 Checking for failed tasks...
INFO 2026-07-11 09:54:25,967 autoreload 8233 128247658877440 Watching for file changes with StatReloader
INFO 2026-07-11 09:55:15,459 tasks 8388 128618569355776 Checking for failed tasks...
INFO 2026-07-11 09:57:44,284 basehttp 8233 128246875158208 "OPTIONS /api/auth/login/ HTTP/1.1" 200 0
WARNING 2026-07-11 09:57:44,454 log 8233 128246875158208 Bad Request: /api/auth/login/
WARNING 2026-07-11 09:57:44,454 basehttp 8233 128246875158208 "POST /api/auth/login/ HTTP/1.1" 400 50
WARNING 2026-07-11 09:57:48,509 log 8233 128246875158208 Bad Request: /api/auth/login/
WARNING 2026-07-11 09:57:48,509 basehttp 8233 128246875158208 "POST /api/auth/login/ HTTP/1.1" 400 50
WARNING 2026-07-11 09:57:49,360 log 8233 128246875158208 Bad Request: /api/auth/login/
WARNING 2026-07-11 09:57:49,360 basehttp 8233 128246875158208 "POST /api/auth/login/ HTTP/1.1" 400 50
INFO 2026-07-11 09:58:49,245 basehttp 8233 128246875158208 "OPTIONS /api/auth/register/ HTTP/1.1" 200 0
INFO 2026-07-11 09:58:49,430 basehttp 8233 128246875158208 "POST /api/auth/register/ HTTP/1.1" 201 653
INFO 2026-07-11 09:58:49,481 basehttp 8233 128246875158208 "OPTIONS /api/banks/init-company-folder/ HTTP/1.1" 200 0
INFO 2026-07-11 09:58:56,907 basehttp 8233 128246875158208 "POST /api/banks/init-company-folder/ HTTP/1.1" 200 359
INFO 2026-07-11 09:58:56,999 basehttp 8233 128246875158208 "OPTIONS /api/bank-accounts/ HTTP/1.1" 200 0
INFO 2026-07-11 09:58:57,001 basehttp 8233 128246862571200 "OPTIONS /api/bank-accounts/ HTTP/1.1" 200 0
INFO 2026-07-11 09:58:57,020 basehttp 8233 128246875158208 "GET /api/bank-accounts/ HTTP/1.1" 200 2
INFO 2026-07-11 09:58:57,075 basehttp 8233 128246875158208 "GET /api/bank-accounts/ HTTP/1.1" 200 2
INFO 2026-07-11 09:59:02,547 basehttp 8233 128246875158208 "OPTIONS /api/auth/logout/ HTTP/1.1" 200 0
INFO 2026-07-11 09:59:02,573 basehttp 8233 128246875158208 "POST /api/auth/logout/ HTTP/1.1" 200 39
INFO 2026-07-11 09:59:04,504 basehttp 8233 128246875158208 "POST /api/auth/login/ HTTP/1.1" 200 641
INFO 2026-07-11 09:59:06,916 basehttp 8233 128246875158208 "POST /api/banks/init-company-folder/ HTTP/1.1" 200 359
INFO 2026-07-11 09:59:07,023 basehttp 8233 128246875158208 "GET /api/bank-accounts/ HTTP/1.1" 200 2
INFO 2026-07-11 09:59:07,037 basehttp 8233 128246875158208 "GET /api/bank-accounts/ HTTP/1.1" 200 2
INFO 2026-07-11 10:00:00,003 tasks 8388 128618569355776 Checking for failed tasks...
INFO 2026-07-11 10:04:31,853 basehttp 8233 128246875158208 "GET /api/bank-accounts/ HTTP/1.1" 200 2
INFO 2026-07-11 10:04:31,866 basehttp 8233 128246875158208 "GET /api/bank-accounts/ HTTP/1.1" 200 2
INFO 2026-07-11 10:04:36,341 basehttp 8233 128246875158208 "POST /api/auth/logout/ HTTP/1.1" 200 39
INFO 2026-07-11 10:04:37,942 basehttp 8233 128246875158208 "POST /api/auth/login/ HTTP/1.1" 200 641
INFO 2026-07-11 10:04:40,644 basehttp 8233 128246875158208 "POST /api/banks/init-company-folder/ HTTP/1.1" 200 359
INFO 2026-07-11 10:04:40,768 basehttp 8233 128246875158208 "GET /api/bank-accounts/ HTTP/1.1" 200 2
INFO 2026-07-11 10:04:40,782 basehttp 8233 128246875158208 "GET /api/bank-accounts/ HTTP/1.1" 200 2
INFO 2026-07-11 10:04:43,301 basehttp 8233 128246875158208 "OPTIONS /api/banks/ HTTP/1.1" 200 0
INFO 2026-07-11 10:04:43,319 basehttp 8233 128246875158208 "OPTIONS /api/banks/ HTTP/1.1" 200 0
WARNING 2026-07-11 10:04:43,326 log 8233 128246862571200 Not Found: /api/banks/
WARNING 2026-07-11 10:04:43,327 basehttp 8233 128246862571200 "GET /api/banks/ HTTP/1.1" 404 10155
WARNING 2026-07-11 10:04:43,369 log 8233 128246875158208 Not Found: /api/banks/
WARNING 2026-07-11 10:04:43,369 basehttp 8233 128246875158208 "GET /api/banks/ HTTP/1.1" 404 10155
INFO 2026-07-11 10:04:43,803 basehttp 8233 128246875158208 "OPTIONS /api/banks/search/?search= HTTP/1.1" 200 0
INFO 2026-07-11 10:04:43,862 basehttp 8233 128246875158208 "GET /api/banks/search/?search= HTTP/1.1" 200 3932
INFO 2026-07-11 10:14:51,842 basehttp 8233 128246875158208 "GET /api/bank-accounts/ HTTP/1.1" 200 2
INFO 2026-07-11 10:14:51,855 basehttp 8233 128246875158208 "GET /api/bank-accounts/ HTTP/1.1" 200 2
INFO 2026-07-11 10:16:14,222 basehttp 8233 128246875158208 "GET /api/bank-accounts/ HTTP/1.1" 200 2
INFO 2026-07-11 10:16:14,236 basehttp 8233 128246875158208 "GET /api/bank-accounts/ HTTP/1.1" 200 2
WARNING 2026-07-11 10:18:51,033 log 8233 128246875158208 Not Found: /api/banks/
WARNING 2026-07-11 10:18:51,033 basehttp 8233 128246875158208 "GET /api/banks/ HTTP/1.1" 404 10155
WARNING 2026-07-11 10:18:51,048 log 8233 128246875158208 Not Found: /api/banks/
WARNING 2026-07-11 10:18:51,048 basehttp 8233 128246875158208 "GET /api/banks/ HTTP/1.1" 404 10155
INFO 2026-07-11 10:18:51,554 basehttp 8233 128246875158208 "GET /api/banks/search/?search= HTTP/1.1" 200 3932
INFO 2026-07-11 10:33:26,807 basehttp 8233 128246875158208 "GET /api/bank-accounts/ HTTP/1.1" 200 2
INFO 2026-07-11 10:33:26,822 basehttp 8233 128246875158208 "GET /api/bank-accounts/ HTTP/1.1" 200 2
INFO 2026-07-11 10:56:38,185 basehttp 8233 128246875158208 "GET /api/bank-accounts/ HTTP/1.1" 200 2
INFO 2026-07-11 10:56:38,198 basehttp 8233 128246875158208 "GET /api/bank-accounts/ HTTP/1.1" 200 2
INFO 2026-07-11 10:57:22,015 basehttp 8233 128246875158208 "GET /api/bank-accounts/ HTTP/1.1" 200 2
INFO 2026-07-11 10:57:22,029 basehttp 8233 128246875158208 "GET /api/bank-accounts/ HTTP/1.1" 200 2
INFO 2026-07-11 10:58:42,195 basehttp 8233 128246875158208 "GET /api/bank-accounts/ HTTP/1.1" 200 2
INFO 2026-07-11 10:58:42,209 basehttp 8233 128246875158208 "GET /api/bank-accounts/ HTTP/1.1" 200 2
INFO 2026-07-11 11:00:00,011 tasks 8388 128618569355776 Checking for failed tasks...
INFO 2026-07-11 11:00:12,583 basehttp 8233 128246875158208 "GET /api/bank-accounts/ HTTP/1.1" 200 2
INFO 2026-07-11 11:00:12,596 basehttp 8233 128246875158208 "GET /api/bank-accounts/ HTTP/1.1" 200 2
INFO 2026-07-11 11:05:47,249 basehttp 8233 128246875158208 "GET /api/bank-accounts/ HTTP/1.1" 200 2
INFO 2026-07-11 11:05:47,263 basehttp 8233 128246875158208 "GET /api/bank-accounts/ HTTP/1.1" 200 2
WARNING 2026-07-11 11:05:51,287 log 8233 128246875158208 Not Found: /api/banks/
WARNING 2026-07-11 11:05:51,288 basehttp 8233 128246875158208 "GET /api/banks/ HTTP/1.1" 404 10155
WARNING 2026-07-11 11:05:51,293 log 8233 128246875158208 Not Found: /api/banks/
WARNING 2026-07-11 11:05:51,293 basehttp 8233 128246875158208 "GET /api/banks/ HTTP/1.1" 404 10155
INFO 2026-07-11 11:05:51,795 basehttp 8233 128246875158208 "GET /api/banks/search/?search= HTTP/1.1" 200 3932
INFO 2026-07-11 11:06:33,667 basehttp 8233 128246875158208 "GET /api/bank-accounts/ HTTP/1.1" 200 2
INFO 2026-07-11 11:06:33,725 basehttp 8233 128246875158208 "GET /api/bank-accounts/ HTTP/1.1" 200 2
WARNING 2026-07-11 11:06:35,437 log 8233 128246875158208 Not Found: /api/banks/
WARNING 2026-07-11 11:06:35,438 basehttp 8233 128246875158208 "GET /api/banks/ HTTP/1.1" 404 10155
WARNING 2026-07-11 11:06:35,442 log 8233 128246862571200 Not Found: /api/banks/
WARNING 2026-07-11 11:06:35,443 basehttp 8233 128246862571200 "GET /api/banks/ HTTP/1.1" 404 10155
INFO 2026-07-11 11:06:35,946 basehttp 8233 128246862571200 "GET /api/banks/search/?search= HTTP/1.1" 200 3932
INFO 2026-07-11 11:11:40,131 basehttp 8233 128246875158208 "GET /api/bank-accounts/ HTTP/1.1" 200 2
INFO 2026-07-11 11:11:40,145 basehttp 8233 128246875158208 "GET /api/bank-accounts/ HTTP/1.1" 200 2
INFO 2026-07-11 11:11:41,662 basehttp 8233 128246875158208 "GET /api/bank-accounts/ HTTP/1.1" 200 2
INFO 2026-07-11 11:11:41,675 basehttp 8233 128246875158208 "GET /api/bank-accounts/ HTTP/1.1" 200 2
WARNING 2026-07-11 11:11:45,048 log 8233 128246875158208 Not Found: /api/banks/
WARNING 2026-07-11 11:11:45,048 basehttp 8233 128246875158208 "GET /api/banks/ HTTP/1.1" 404 10155
WARNING 2026-07-11 11:11:45,054 log 8233 128246875158208 Not Found: /api/banks/
WARNING 2026-07-11 11:11:45,054 basehttp 8233 128246875158208 "GET /api/banks/ HTTP/1.1" 404 10155
INFO 2026-07-11 11:11:45,552 basehttp 8233 128246875158208 "GET /api/banks/search/?search= HTTP/1.1" 200 3932
INFO 2026-07-11 11:18:25,311 basehttp 8233 128246862571200 "GET /api/bank-accounts/ HTTP/1.1" 200 2
INFO 2026-07-11 11:18:25,326 basehttp 8233 128246862571200 "GET /api/bank-accounts/ HTTP/1.1" 200 2
WARNING 2026-07-11 11:18:29,483 log 8233 128246862571200 Not Found: /api/banks/
WARNING 2026-07-11 11:18:29,483 basehttp 8233 128246862571200 "GET /api/banks/ HTTP/1.1" 404 10155
WARNING 2026-07-11 11:18:29,489 log 8233 128246862571200 Not Found: /api/banks/
WARNING 2026-07-11 11:18:29,489 basehttp 8233 128246862571200 "GET /api/banks/ HTTP/1.1" 404 10155
INFO 2026-07-11 11:18:29,992 basehttp 8233 128246862571200 "GET /api/banks/search/?search= HTTP/1.1" 200 3932
INFO 2026-07-11 11:19:18,059 basehttp 8233 128246862571200 "OPTIONS /api/banks/create-folder/ HTTP/1.1" 200 0
INFO 2026-07-11 11:19:24,687 basehttp 8233 128246862571200 "POST /api/banks/create-folder/ HTTP/1.1" 201 610
INFO 2026-07-11 11:19:24,794 basehttp 8233 128246862571200 "GET /api/bank-accounts/ HTTP/1.1" 200 458
INFO 2026-07-11 11:19:24,809 basehttp 8233 128246862571200 "GET /api/bank-accounts/ HTTP/1.1" 200 458
INFO 2026-07-11 11:19:54,690 basehttp 8233 128246862571200 "GET /api/bank-accounts/ HTTP/1.1" 200 458
INFO 2026-07-11 11:19:54,704 basehttp 8233 128246862571200 "GET /api/bank-accounts/ HTTP/1.1" 200 458
INFO 2026-07-11 11:22:53,353 basehttp 8233 128246862571200 "GET /api/bank-accounts/ HTTP/1.1" 200 458
INFO 2026-07-11 11:22:53,368 basehttp 8233 128246862571200 "GET /api/bank-accounts/ HTTP/1.1" 200 458
INFO 2026-07-11 11:27:31,723 basehttp 8233 128246862571200 "GET /api/bank-accounts/ HTTP/1.1" 200 458
INFO 2026-07-11 11:27:31,740 basehttp 8233 128246862571200 "GET /api/bank-accounts/ HTTP/1.1" 200 458
INFO 2026-07-11 12:00:00,003 tasks 8388 128618569355776 Checking for failed tasks...
INFO 2026-07-11 13:00:00,003 tasks 8388 128618569355776 Checking for failed tasks...
INFO 2026-07-11 13:37:40,774 basehttp 8233 128246862571200 "OPTIONS /api/bank-accounts/ HTTP/1.1" 200 0
INFO 2026-07-11 13:37:40,774 basehttp 8233 128246875158208 "OPTIONS /api/bank-accounts/ HTTP/1.1" 200 0
INFO 2026-07-11 13:37:40,797 basehttp 8233 128246875158208 "GET /api/bank-accounts/ HTTP/1.1" 200 458
INFO 2026-07-11 13:37:40,858 basehttp 8233 128246875158208 "GET /api/bank-accounts/ HTTP/1.1" 200 458
INFO 2026-07-11 14:00:00,003 tasks 8388 128618569355776 Checking for failed tasks...
INFO 2026-07-11 15:00:00,003 tasks 8388 128618569355776 Checking for failed tasks...
INFO 2026-07-11 15:32:56,202 basehttp 8233 128246875158208 "OPTIONS /api/banks/ HTTP/1.1" 200 0
INFO 2026-07-11 15:32:56,216 basehttp 8233 128246862571200 "OPTIONS /api/banks/ HTTP/1.1" 200 0
WARNING 2026-07-11 15:32:56,219 log 8233 128246875158208 Not Found: /api/banks/
WARNING 2026-07-11 15:32:56,219 basehttp 8233 128246875158208 "GET /api/banks/ HTTP/1.1" 404 10155
WARNING 2026-07-11 15:32:56,225 log 8233 128246862571200 Not Found: /api/banks/
WARNING 2026-07-11 15:32:56,225 basehttp 8233 128246862571200 "GET /api/banks/ HTTP/1.1" 404 10155
INFO 2026-07-11 15:32:56,701 basehttp 8233 128246862571200 "OPTIONS /api/banks/search/?search= HTTP/1.1" 200 0
INFO 2026-07-11 15:32:56,715 basehttp 8233 128246862571200 "GET /api/banks/search/?search= HTTP/1.1" 200 3932
INFO 2026-07-11 15:32:57,573 basehttp 8233 128246862571200 "GET /api/bank-accounts/ HTTP/1.1" 200 458
INFO 2026-07-11 15:32:57,632 basehttp 8233 128246862571200 "GET /api/bank-accounts/ HTTP/1.1" 200 458
INFO 2026-07-11 15:33:02,982 basehttp 8233 128246862571200 "GET /api/bank-accounts/ HTTP/1.1" 200 458
INFO 2026-07-11 15:33:02,998 basehttp 8233 128246862571200 "GET /api/bank-accounts/ HTTP/1.1" 200 458
INFO 2026-07-11 16:00:00,003 tasks 8388 128618569355776 Checking for failed tasks...
INFO 2026-07-11 17:00:00,003 tasks 8388 128618569355776 Checking for failed tasks...
INFO 2026-07-11 17:59:37,739 basehttp 8233 128246862571200 "OPTIONS /api/bank-accounts/ HTTP/1.1" 200 0
INFO 2026-07-11 17:59:37,739 basehttp 8233 128246875158208 "OPTIONS /api/bank-accounts/ HTTP/1.1" 200 0
WARNING 2026-07-11 17:59:37,743 log 8233 128246862571200 Unauthorized: /api/bank-accounts/
WARNING 2026-07-11 17:59:37,743 basehttp 8233 128246862571200 "GET /api/bank-accounts/ HTTP/1.1" 401 172
WARNING 2026-07-11 17:59:37,786 log 8233 128246875158208 Unauthorized: /api/bank-accounts/
WARNING 2026-07-11 17:59:37,787 basehttp 8233 128246875158208 "GET /api/bank-accounts/ HTTP/1.1" 401 172
INFO 2026-07-11 18:00:00,003 tasks 8388 128618569355776 Checking for failed tasks...
INFO 2026-07-11 18:20:26,238 basehttp 8233 128246875158208 "OPTIONS /api/banks/ HTTP/1.1" 200 0
INFO 2026-07-11 18:20:26,248 basehttp 8233 128246862571200 "OPTIONS /api/banks/ HTTP/1.1" 200 0
WARNING 2026-07-11 18:20:26,259 log 8233 128246862571200 Not Found: /api/banks/
WARNING 2026-07-11 18:20:26,259 basehttp 8233 128246862571200 "GET /api/banks/ HTTP/1.1" 404 10155
WARNING 2026-07-11 18:20:26,266 log 8233 128246875158208 Not Found: /api/banks/
WARNING 2026-07-11 18:20:26,266 basehttp 8233 128246875158208 "GET /api/banks/ HTTP/1.1" 404 10155
INFO 2026-07-11 18:20:26,739 basehttp 8233 128246875158208 "OPTIONS /api/banks/search/?search= HTTP/1.1" 200 0
INFO 2026-07-11 18:20:26,754 basehttp 8233 128246875158208 "GET /api/banks/search/?search= HTTP/1.1" 200 3932
INFO 2026-07-11 18:20:28,081 basehttp 8233 128246875158208 "OPTIONS /api/bank-accounts/ HTTP/1.1" 200 0
INFO 2026-07-11 18:20:28,082 basehttp 8233 128246862571200 "OPTIONS /api/bank-accounts/ HTTP/1.1" 200 0
INFO 2026-07-11 18:20:28,099 basehttp 8233 128246862571200 "GET /api/bank-accounts/ HTTP/1.1" 200 458
INFO 2026-07-11 18:20:28,159 basehttp 8233 128246862571200 "GET /api/bank-accounts/ HTTP/1.1" 200 458
INFO 2026-07-11 18:21:03,403 basehttp 8233 128246862571200 "GET /api/bank-accounts/ HTTP/1.1" 200 458
INFO 2026-07-11 18:21:03,418 basehttp 8233 128246862571200 "GET /api/bank-accounts/ HTTP/1.1" 200 458
WARNING 2026-07-11 18:22:58,938 log 8233 128246783932096 Unauthorized: /api/bank-accounts/
WARNING 2026-07-11 18:22:58,938 basehttp 8233 128246783932096 "GET /api/bank-accounts/ HTTP/1.1" 401 172
WARNING 2026-07-11 18:22:58,941 log 8233 128246775539392 Unauthorized: /api/bank-accounts/
WARNING 2026-07-11 18:22:58,941 basehttp 8233 128246775539392 "GET /api/bank-accounts/ HTTP/1.1" 401 172
INFO 2026-07-11 18:23:21,534 basehttp 8233 128246862571200 "GET /api/bank-accounts/ HTTP/1.1" 200 458
INFO 2026-07-11 18:23:21,552 basehttp 8233 128246862571200 "GET /api/bank-accounts/ HTTP/1.1" 200 458
INFO 2026-07-11 18:23:34,415 basehttp 8233 128246775539392 "OPTIONS /api/banks/ HTTP/1.1" 200 0
INFO 2026-07-11 18:23:34,416 basehttp 8233 128246783932096 "OPTIONS /api/banks/ HTTP/1.1" 200 0
WARNING 2026-07-11 18:23:34,424 log 8233 128246783932096 Not Found: /api/banks/
WARNING 2026-07-11 18:23:34,424 basehttp 8233 128246783932096 "GET /api/banks/ HTTP/1.1" 404 10155
WARNING 2026-07-11 18:23:34,471 log 8233 128246775539392 Not Found: /api/banks/
WARNING 2026-07-11 18:23:34,471 basehttp 8233 128246775539392 "GET /api/banks/ HTTP/1.1" 404 10155
INFO 2026-07-11 18:23:34,916 basehttp 8233 128246775539392 "OPTIONS /api/banks/search/?search= HTTP/1.1" 200 0
WARNING 2026-07-11 18:23:34,919 log 8233 128246775539392 Unauthorized: /api/banks/search/
WARNING 2026-07-11 18:23:34,919 basehttp 8233 128246775539392 "GET /api/banks/search/?search= HTTP/1.1" 401 172
INFO 2026-07-12 09:01:54,091 autoreload 8952 127080444723712 Watching for file changes with StatReloader
INFO 2026-07-12 09:01:58,287 basehttp 8952 127079661172416 "OPTIONS /api/bank-accounts/ HTTP/1.1" 200 0
INFO 2026-07-12 09:01:58,287 basehttp 8952 127079652779712 "OPTIONS /api/bank-accounts/ HTTP/1.1" 200 0
INFO 2026-07-12 09:01:58,316 basehttp 8952 127079661172416 "GET /api/bank-accounts/ HTTP/1.1" 200 458
INFO 2026-07-12 09:01:58,371 basehttp 8952 127079661172416 "GET /api/bank-accounts/ HTTP/1.1" 200 458
INFO 2026-07-12 09:02:00,157 basehttp 8952 127079661172416 "OPTIONS /api/banks/ HTTP/1.1" 200 0
INFO 2026-07-12 09:02:00,159 basehttp 8952 127079652779712 "OPTIONS /api/banks/ HTTP/1.1" 200 0
WARNING 2026-07-12 09:02:00,185 log 8952 127079652779712 Not Found: /api/banks/
WARNING 2026-07-12 09:02:00,185 basehttp 8952 127079652779712 "GET /api/banks/ HTTP/1.1" 404 10155
WARNING 2026-07-12 09:02:00,193 log 8952 127079661172416 Not Found: /api/banks/
WARNING 2026-07-12 09:02:00,193 basehttp 8952 127079661172416 "GET /api/banks/ HTTP/1.1" 404 10155
INFO 2026-07-12 09:02:00,658 basehttp 8952 127079661172416 "OPTIONS /api/banks/search/?search= HTTP/1.1" 200 0
INFO 2026-07-12 09:02:00,718 basehttp 8952 127079661172416 "GET /api/banks/search/?search= HTTP/1.1" 200 3932
WARNING 2026-07-12 09:02:32,199 log 8952 127079661172416 Not Found: /api/banks/
WARNING 2026-07-12 09:02:32,199 basehttp 8952 127079661172416 "GET /api/banks/ HTTP/1.1" 404 10155
WARNING 2026-07-12 09:02:32,204 log 8952 127079652779712 Not Found: /api/banks/
WARNING 2026-07-12 09:02:32,204 basehttp 8952 127079652779712 "GET /api/banks/ HTTP/1.1" 404 10155
INFO 2026-07-12 09:02:32,707 basehttp 8952 127079652779712 "GET /api/bank-accounts/ HTTP/1.1" 200 458
INFO 2026-07-12 09:02:32,727 basehttp 8952 127079652779712 "GET /api/bank-accounts/ HTTP/1.1" 200 458
WARNING 2026-07-12 09:02:33,378 log 8952 127079652779712 Not Found: /api/banks/
WARNING 2026-07-12 09:02:33,379 basehttp 8952 127079652779712 "GET /api/banks/ HTTP/1.1" 404 10155
WARNING 2026-07-12 09:02:33,396 log 8952 127079661172416 Not Found: /api/banks/
WARNING 2026-07-12 09:02:33,397 basehttp 8952 127079661172416 "GET /api/banks/ HTTP/1.1" 404 10155
INFO 2026-07-12 09:02:33,889 basehttp 8952 127079661172416 "GET /api/banks/search/?search= HTTP/1.1" 200 3932
INFO 2026-07-12 09:50:52,116 basehttp 8952 127079661172416 "GET /api/bank-accounts/ HTTP/1.1" 200 458
INFO 2026-07-12 09:50:52,133 basehttp 8952 127079661172416 "GET /api/bank-accounts/ HTTP/1.1" 200 458
INFO 2026-07-12 09:56:02,989 basehttp 8952 127079661172416 "GET /api/bank-accounts/ HTTP/1.1" 200 458
INFO 2026-07-12 09:56:03,004 basehttp 8952 127079661172416 "GET /api/bank-accounts/ HTTP/1.1" 200 458
WARNING 2026-07-12 09:56:19,725 log 8952 127079661172416 Not Found: /api/banks/
WARNING 2026-07-12 09:56:19,725 basehttp 8952 127079661172416 "GET /api/banks/ HTTP/1.1" 404 10155
WARNING 2026-07-12 09:56:19,733 log 8952 127079661172416 Not Found: /api/banks/
WARNING 2026-07-12 09:56:19,733 basehttp 8952 127079661172416 "GET /api/banks/ HTTP/1.1" 404 10155
INFO 2026-07-12 09:56:20,233 basehttp 8952 127079661172416 "GET /api/banks/search/?search= HTTP/1.1" 200 3932
INFO 2026-07-12 09:56:21,397 basehttp 8952 127079661172416 "GET /api/bank-accounts/ HTTP/1.1" 200 458
INFO 2026-07-12 09:56:21,457 basehttp 8952 127079661172416 "GET /api/bank-accounts/ HTTP/1.1" 200 458
WARNING 2026-07-12 10:10:17,173 log 8952 127079661172416 Unauthorized: /api/bank-accounts/
WARNING 2026-07-12 10:10:17,173 basehttp 8952 127079661172416 "GET /api/bank-accounts/ HTTP/1.1" 401 172
WARNING 2026-07-12 10:16:55,129 log 8952 127079661172416 Unauthorized: /api/bank-accounts/
WARNING 2026-07-12 10:16:55,130 basehttp 8952 127079661172416 "GET /api/bank-accounts/ HTTP/1.1" 401 172
WARNING 2026-07-12 10:16:55,133 log 8952 127079652779712 Unauthorized: /api/bank-accounts/
WARNING 2026-07-12 10:16:55,133 basehttp 8952 127079652779712 "GET /api/bank-accounts/ HTTP/1.1" 401 172
WARNING 2026-07-12 10:17:23,055 log 8952 127079652779712 Unauthorized: /api/bank-accounts/
WARNING 2026-07-12 10:17:23,055 basehttp 8952 127079652779712 "GET /api/bank-accounts/ HTTP/1.1" 401 172
WARNING 2026-07-12 10:17:23,058 log 8952 127079661172416 Unauthorized: /api/bank-accounts/
WARNING 2026-07-12 10:17:23,058 basehttp 8952 127079661172416 "GET /api/bank-accounts/ HTTP/1.1" 401 172
WARNING 2026-07-12 10:17:30,148 log 8952 127079661172416 Not Found: /api/banks/
WARNING 2026-07-12 10:17:30,149 basehttp 8952 127079661172416 "GET /api/banks/ HTTP/1.1" 404 10155
WARNING 2026-07-12 10:17:30,169 log 8952 127079652779712 Not Found: /api/banks/
WARNING 2026-07-12 10:17:30,169 basehttp 8952 127079652779712 "GET /api/banks/ HTTP/1.1" 404 10155
WARNING 2026-07-12 10:17:30,647 log 8952 127079652779712 Unauthorized: /api/banks/search/
WARNING 2026-07-12 10:17:30,647 basehttp 8952 127079652779712 "GET /api/banks/search/?search= HTTP/1.1" 401 172
WARNING 2026-07-12 10:17:39,533 log 8952 127079652779712 Unauthorized: /api/bank-accounts/
WARNING 2026-07-12 10:17:39,534 basehttp 8952 127079652779712 "GET /api/bank-accounts/ HTTP/1.1" 401 172
WARNING 2026-07-12 10:17:39,538 log 8952 127079661172416 Unauthorized: /api/bank-accounts/
WARNING 2026-07-12 10:17:39,538 basehttp 8952 127079661172416 "GET /api/bank-accounts/ HTTP/1.1" 401 172
WARNING 2026-07-12 10:17:40,496 log 8952 127079661172416 Not Found: /api/banks/
WARNING 2026-07-12 10:17:40,496 basehttp 8952 127079661172416 "GET /api/banks/ HTTP/1.1" 404 10155
WARNING 2026-07-12 10:17:40,509 log 8952 127079652779712 Not Found: /api/banks/
WARNING 2026-07-12 10:17:40,509 basehttp 8952 127079652779712 "GET /api/banks/ HTTP/1.1" 404 10155
WARNING 2026-07-12 10:17:40,994 log 8952 127079652779712 Unauthorized: /api/banks/search/
WARNING 2026-07-12 10:17:40,994 basehttp 8952 127079652779712 "GET /api/banks/search/?search= HTTP/1.1" 401 172
INFO 2026-07-12 10:18:00,754 basehttp 8952 127079652779712 "OPTIONS /api/banks/create-folder/ HTTP/1.1" 200 0
WARNING 2026-07-12 10:18:00,760 log 8952 127079652779712 Unauthorized: /api/banks/create-folder/
WARNING 2026-07-12 10:18:00,761 basehttp 8952 127079652779712 "POST /api/banks/create-folder/ HTTP/1.1" 401 172
WARNING 2026-07-12 10:24:10,212 log 8952 127079652779712 Unauthorized: /api/banks/search/
WARNING 2026-07-12 10:24:10,212 basehttp 8952 127079652779712 "GET /api/banks/search/?search= HTTP/1.1" 401 172
WARNING 2026-07-12 10:24:14,429 log 8952 127079652779712 Unauthorized: /api/banks/search/
WARNING 2026-07-12 10:24:14,430 basehttp 8952 127079652779712 "GET /api/banks/search/?search= HTTP/1.1" 401 172
WARNING 2026-07-12 10:25:01,336 log 8952 127079652779712 Unauthorized: /api/bank-accounts/
WARNING 2026-07-12 10:25:01,337 basehttp 8952 127079652779712 "GET /api/bank-accounts/ HTTP/1.1" 401 172
WARNING 2026-07-12 10:25:01,339 log 8952 127079652779712 Unauthorized: /api/bank-accounts/
WARNING 2026-07-12 10:25:01,339 basehttp 8952 127079652779712 "GET /api/bank-accounts/ HTTP/1.1" 401 172
WARNING 2026-07-12 10:25:04,891 log 8952 127079652779712 Unauthorized: /api/bank-accounts/
WARNING 2026-07-12 10:25:04,891 basehttp 8952 127079652779712 "GET /api/bank-accounts/ HTTP/1.1" 401 172
WARNING 2026-07-12 10:25:04,894 log 8952 127079661172416 Unauthorized: /api/bank-accounts/
WARNING 2026-07-12 10:25:04,894 basehttp 8952 127079661172416 "GET /api/bank-accounts/ HTTP/1.1" 401 172
WARNING 2026-07-12 10:25:06,288 log 8952 127079661172416 Unauthorized: /api/bank-accounts/
WARNING 2026-07-12 10:25:06,288 basehttp 8952 127079661172416 "GET /api/bank-accounts/ HTTP/1.1" 401 172
WARNING 2026-07-12 10:25:06,290 log 8952 127079652779712 Unauthorized: /api/bank-accounts/
WARNING 2026-07-12 10:25:06,290 basehttp 8952 127079652779712 "GET /api/bank-accounts/ HTTP/1.1" 401 172
WARNING 2026-07-12 10:25:11,298 log 8952 127079652779712 Unauthorized: /api/bank-accounts/
WARNING 2026-07-12 10:25:11,299 basehttp 8952 127079652779712 "GET /api/bank-accounts/ HTTP/1.1" 401 172
WARNING 2026-07-12 10:25:11,303 log 8952 127079661172416 Unauthorized: /api/bank-accounts/
WARNING 2026-07-12 10:25:11,303 basehttp 8952 127079661172416 "GET /api/bank-accounts/ HTTP/1.1" 401 172
WARNING 2026-07-12 10:25:15,093 log 8952 127079661172416 Not Found: /api/banks/
WARNING 2026-07-12 10:25:15,094 basehttp 8952 127079661172416 "GET /api/banks/ HTTP/1.1" 404 10155
WARNING 2026-07-12 10:25:15,104 log 8952 127079652779712 Not Found: /api/banks/
WARNING 2026-07-12 10:25:15,104 basehttp 8952 127079652779712 "GET /api/banks/ HTTP/1.1" 404 10155
WARNING 2026-07-12 10:25:15,588 log 8952 127079652779712 Unauthorized: /api/banks/search/
WARNING 2026-07-12 10:25:15,589 basehttp 8952 127079652779712 "GET /api/banks/search/?search= HTTP/1.1" 401 172
WARNING 2026-07-12 10:25:36,871 log 8952 127079652779712 Unauthorized: /api/banks/create-folder/
WARNING 2026-07-12 10:25:36,871 basehttp 8952 127079652779712 "POST /api/banks/create-folder/ HTTP/1.1" 401 172
WARNING 2026-07-12 10:28:11,894 log 8952 127079652779712 Unauthorized: /api/banks/search/
WARNING 2026-07-12 10:28:11,894 basehttp 8952 127079652779712 "GET /api/banks/search/?search= HTTP/1.1" 401 172
WARNING 2026-07-12 10:28:55,359 log 8952 127079652779712 Unauthorized: /api/bank-accounts/
WARNING 2026-07-12 10:28:55,359 basehttp 8952 127079652779712 "GET /api/bank-accounts/ HTTP/1.1" 401 172
WARNING 2026-07-12 10:28:55,361 log 8952 127079652779712 Unauthorized: /api/bank-accounts/
WARNING 2026-07-12 10:28:55,362 basehttp 8952 127079652779712 "GET /api/bank-accounts/ HTTP/1.1" 401 172
WARNING 2026-07-12 10:29:01,090 log 8952 127079652779712 Unauthorized: /api/bank-accounts/
WARNING 2026-07-12 10:29:01,090 basehttp 8952 127079652779712 "GET /api/bank-accounts/ HTTP/1.1" 401 172
WARNING 2026-07-12 10:29:01,093 log 8952 127079661172416 Unauthorized: /api/bank-accounts/
WARNING 2026-07-12 10:29:01,093 basehttp 8952 127079661172416 "GET /api/bank-accounts/ HTTP/1.1" 401 172
WARNING 2026-07-12 10:29:08,627 log 8952 127079661172416 Unauthorized: /api/bank-accounts/
WARNING 2026-07-12 10:29:08,627 basehttp 8952 127079661172416 "GET /api/bank-accounts/ HTTP/1.1" 401 172
WARNING 2026-07-12 10:29:08,632 log 8952 127079652779712 Unauthorized: /api/bank-accounts/
WARNING 2026-07-12 10:29:08,633 basehttp 8952 127079652779712 "GET /api/bank-accounts/ HTTP/1.1" 401 172
WARNING 2026-07-12 10:29:10,540 log 8952 127079652779712 Not Found: /api/banks/
WARNING 2026-07-12 10:29:10,541 basehttp 8952 127079652779712 "GET /api/banks/ HTTP/1.1" 404 10155
WARNING 2026-07-12 10:29:10,553 log 8952 127079661172416 Not Found: /api/banks/
WARNING 2026-07-12 10:29:10,553 basehttp 8952 127079661172416 "GET /api/banks/ HTTP/1.1" 404 10155
WARNING 2026-07-12 10:29:11,038 log 8952 127079661172416 Unauthorized: /api/banks/search/
WARNING 2026-07-12 10:29:11,038 basehttp 8952 127079661172416 "GET /api/banks/search/?search= HTTP/1.1" 401 172
WARNING 2026-07-12 10:29:26,546 log 8952 127079661172416 Unauthorized: /api/banks/create-folder/
WARNING 2026-07-12 10:29:26,546 basehttp 8952 127079661172416 "POST /api/banks/create-folder/ HTTP/1.1" 401 172
INFO 2026-07-12 10:29:48,415 autoreload 10621 124033296511488 Watching for file changes with StatReloader
WARNING 2026-07-12 10:29:53,496 log 10621 124032512947904 Unauthorized: /api/bank-accounts/
WARNING 2026-07-12 10:29:53,496 basehttp 10621 124032512947904 "GET /api/bank-accounts/ HTTP/1.1" 401 172
WARNING 2026-07-12 10:29:53,499 log 10621 124032512947904 Unauthorized: /api/bank-accounts/
WARNING 2026-07-12 10:29:53,499 basehttp 10621 124032512947904 "GET /api/bank-accounts/ HTTP/1.1" 401 172
WARNING 2026-07-12 10:29:55,046 log 10621 124032512947904 Not Found: /api/banks/
WARNING 2026-07-12 10:29:55,046 basehttp 10621 124032512947904 "GET /api/banks/ HTTP/1.1" 404 10155
WARNING 2026-07-12 10:29:55,055 log 10621 124032503506624 Not Found: /api/banks/
WARNING 2026-07-12 10:29:55,055 basehttp 10621 124032503506624 "GET /api/banks/ HTTP/1.1" 404 10155
WARNING 2026-07-12 10:29:55,544 log 10621 124032503506624 Unauthorized: /api/banks/search/
WARNING 2026-07-12 10:29:55,544 basehttp 10621 124032503506624 "GET /api/banks/search/?search= HTTP/1.1" 401 172
WARNING 2026-07-12 10:30:07,081 log 10621 124032503506624 Unauthorized: /api/banks/create-folder/
WARNING 2026-07-12 10:30:07,081 basehttp 10621 124032503506624 "POST /api/banks/create-folder/ HTTP/1.1" 401 172
WARNING 2026-07-12 10:33:51,509 log 10621 124032503506624 Unauthorized: /api/bank-accounts/
WARNING 2026-07-12 10:33:51,509 basehttp 10621 124032503506624 "GET /api/bank-accounts/ HTTP/1.1" 401 172
WARNING 2026-07-12 10:33:51,514 log 10621 124032512947904 Unauthorized: /api/bank-accounts/
WARNING 2026-07-12 10:33:51,514 basehttp 10621 124032512947904 "GET /api/bank-accounts/ HTTP/1.1" 401 172
WARNING 2026-07-12 10:33:55,992 log 10621 124032512947904 Unauthorized: /api/bank-accounts/
WARNING 2026-07-12 10:33:55,992 basehttp 10621 124032512947904 "GET /api/bank-accounts/ HTTP/1.1" 401 172
WARNING 2026-07-12 10:33:55,995 log 10621 124032503506624 Unauthorized: /api/bank-accounts/
WARNING 2026-07-12 10:33:55,995 basehttp 10621 124032503506624 "GET /api/bank-accounts/ HTTP/1.1" 401 172
WARNING 2026-07-12 10:33:57,074 log 10621 124032503506624 Unauthorized: /api/bank-accounts/
WARNING 2026-07-12 10:33:57,074 basehttp 10621 124032503506624 "GET /api/bank-accounts/ HTTP/1.1" 401 172
WARNING 2026-07-12 10:33:57,076 log 10621 124032512947904 Unauthorized: /api/bank-accounts/
WARNING 2026-07-12 10:33:57,077 basehttp 10621 124032512947904 "GET /api/bank-accounts/ HTTP/1.1" 401 172
WARNING 2026-07-12 10:33:57,914 log 10621 124032512947904 Unauthorized: /api/bank-accounts/
WARNING 2026-07-12 10:33:57,914 basehttp 10621 124032512947904 "GET /api/bank-accounts/ HTTP/1.1" 401 172
WARNING 2026-07-12 10:33:57,917 log 10621 124032503506624 Unauthorized: /api/bank-accounts/
WARNING 2026-07-12 10:33:57,917 basehttp 10621 124032503506624 "GET /api/bank-accounts/ HTTP/1.1" 401 172
WARNING 2026-07-12 10:33:58,599 log 10621 124032503506624 Unauthorized: /api/bank-accounts/
WARNING 2026-07-12 10:33:58,599 basehttp 10621 124032503506624 "GET /api/bank-accounts/ HTTP/1.1" 401 172
WARNING 2026-07-12 10:33:58,601 log 10621 124032512947904 Unauthorized: /api/bank-accounts/
WARNING 2026-07-12 10:33:58,601 basehttp 10621 124032512947904 "GET /api/bank-accounts/ HTTP/1.1" 401 172
WARNING 2026-07-12 10:33:58,911 log 10621 124032512947904 Unauthorized: /api/bank-accounts/
WARNING 2026-07-12 10:33:58,911 basehttp 10621 124032512947904 "GET /api/bank-accounts/ HTTP/1.1" 401 172
WARNING 2026-07-12 10:33:58,915 log 10621 124032503506624 Unauthorized: /api/bank-accounts/
WARNING 2026-07-12 10:33:58,915 basehttp 10621 124032503506624 "GET /api/bank-accounts/ HTTP/1.1" 401 172
WARNING 2026-07-12 10:33:59,157 log 10621 124032503506624 Unauthorized: /api/bank-accounts/
WARNING 2026-07-12 10:33:59,157 basehttp 10621 124032503506624 "GET /api/bank-accounts/ HTTP/1.1" 401 172
WARNING 2026-07-12 10:33:59,164 log 10621 124032512947904 Unauthorized: /api/bank-accounts/
WARNING 2026-07-12 10:33:59,164 basehttp 10621 124032512947904 "GET /api/bank-accounts/ HTTP/1.1" 401 172
WARNING 2026-07-12 10:33:59,406 log 10621 124032512947904 Unauthorized: /api/bank-accounts/
WARNING 2026-07-12 10:33:59,406 basehttp 10621 124032512947904 "GET /api/bank-accounts/ HTTP/1.1" 401 172
WARNING 2026-07-12 10:33:59,411 log 10621 124032503506624 Unauthorized: /api/bank-accounts/
WARNING 2026-07-12 10:33:59,411 basehttp 10621 124032503506624 "GET /api/bank-accounts/ HTTP/1.1" 401 172
WARNING 2026-07-12 10:33:59,624 log 10621 124032503506624 Unauthorized: /api/bank-accounts/
WARNING 2026-07-12 10:33:59,625 basehttp 10621 124032503506624 "GET /api/bank-accounts/ HTTP/1.1" 401 172
WARNING 2026-07-12 10:33:59,627 log 10621 124032512947904 Unauthorized: /api/bank-accounts/
WARNING 2026-07-12 10:33:59,628 basehttp 10621 124032512947904 "GET /api/bank-accounts/ HTTP/1.1" 401 172
WARNING 2026-07-12 10:33:59,878 log 10621 124032512947904 Unauthorized: /api/bank-accounts/
WARNING 2026-07-12 10:33:59,879 basehttp 10621 124032512947904 "GET /api/bank-accounts/ HTTP/1.1" 401 172
WARNING 2026-07-12 10:33:59,881 log 10621 124032503506624 Unauthorized: /api/bank-accounts/
WARNING 2026-07-12 10:33:59,881 basehttp 10621 124032503506624 "GET /api/bank-accounts/ HTTP/1.1" 401 172
WARNING 2026-07-12 10:34:04,213 log 10621 124032503506624 Not Found: /api/banks/
WARNING 2026-07-12 10:34:04,213 basehttp 10621 124032503506624 "GET /api/banks/ HTTP/1.1" 404 10155
WARNING 2026-07-12 10:34:04,225 log 10621 124032512947904 Not Found: /api/banks/
WARNING 2026-07-12 10:34:04,225 basehttp 10621 124032512947904 "GET /api/banks/ HTTP/1.1" 404 10155
WARNING 2026-07-12 10:34:04,713 log 10621 124032512947904 Unauthorized: /api/banks/search/
WARNING 2026-07-12 10:34:04,713 basehttp 10621 124032512947904 "GET /api/banks/search/?search= HTTP/1.1" 401 172
WARNING 2026-07-12 10:34:13,213 log 10621 124032512947904 Not Found: /api/banks/
WARNING 2026-07-12 10:34:13,214 basehttp 10621 124032512947904 "GET /api/banks/ HTTP/1.1" 404 10155
WARNING 2026-07-12 10:34:13,221 log 10621 124032503506624 Not Found: /api/banks/
WARNING 2026-07-12 10:34:13,221 basehttp 10621 124032503506624 "GET /api/banks/ HTTP/1.1" 404 10155
WARNING 2026-07-12 10:34:13,703 log 10621 124032503506624 Unauthorized: /api/banks/search/
WARNING 2026-07-12 10:34:13,703 basehttp 10621 124032503506624 "GET /api/banks/search/?search= HTTP/1.1" 401 172
INFO 2026-07-12 10:34:19,415 basehttp 10621 124032503506624 "OPTIONS /api/auth/logout/ HTTP/1.1" 200 0
WARNING 2026-07-12 10:34:19,420 log 10621 124032503506624 Unauthorized: /api/auth/logout/
WARNING 2026-07-12 10:34:19,420 basehttp 10621 124032503506624 "POST /api/auth/logout/ HTTP/1.1" 401 172
INFO 2026-07-12 10:34:20,967 basehttp 10621 124032503506624 "OPTIONS /api/auth/login/ HTTP/1.1" 200 0
INFO 2026-07-12 10:34:21,142 basehttp 10621 124032503506624 "POST /api/auth/login/ HTTP/1.1" 200 641
INFO 2026-07-12 10:34:21,193 basehttp 10621 124032503506624 "OPTIONS /api/banks/init-company-folder/ HTTP/1.1" 200 0
INFO 2026-07-12 10:34:24,441 basehttp 10621 124032503506624 "POST /api/banks/init-company-folder/ HTTP/1.1" 200 359
INFO 2026-07-12 10:34:24,567 basehttp 10621 124032503506624 "GET /api/bank-accounts/ HTTP/1.1" 200 458
INFO 2026-07-12 10:34:24,582 basehttp 10621 124032503506624 "GET /api/bank-accounts/ HTTP/1.1" 200 458
WARNING 2026-07-12 10:34:29,236 log 10621 124032503506624 Not Found: /api/banks/
WARNING 2026-07-12 10:34:29,236 basehttp 10621 124032503506624 "GET /api/banks/ HTTP/1.1" 404 10155
WARNING 2026-07-12 10:34:29,251 log 10621 124032512947904 Not Found: /api/banks/
WARNING 2026-07-12 10:34:29,252 basehttp 10621 124032512947904 "GET /api/banks/ HTTP/1.1" 404 10155
INFO 2026-07-12 10:34:29,747 basehttp 10621 124032512947904 "GET /api/banks/search/?search= HTTP/1.1" 200 3932
INFO 2026-07-12 10:34:52,008 basehttp 10621 124032512947904 "POST /api/banks/create-folder/ HTTP/1.1" 201 598
INFO 2026-07-12 10:34:52,055 basehttp 10621 124032512947904 "GET /api/bank-accounts/ HTTP/1.1" 200 905
INFO 2026-07-12 10:34:52,111 basehttp 10621 124032512947904 "GET /api/bank-accounts/ HTTP/1.1" 200 905
INFO 2026-07-12 10:35:42,293 basehttp 10621 124032512947904 "GET /api/bank-accounts/ HTTP/1.1" 200 905
INFO 2026-07-12 10:35:45,012 basehttp 10621 124032512947904 "GET /api/bank-accounts/ HTTP/1.1" 200 905
INFO 2026-07-12 10:35:45,797 basehttp 10621 124032512947904 "GET /api/bank-accounts/ HTTP/1.1" 200 905
INFO 2026-07-12 10:35:55,682 basehttp 10621 124032512947904 "GET /api/bank-accounts/ HTTP/1.1" 200 905
INFO 2026-07-12 10:35:55,696 basehttp 10621 124032512947904 "GET /api/bank-accounts/ HTTP/1.1" 200 905
INFO 2026-07-12 10:35:57,394 basehttp 10621 124032512947904 "GET /api/bank-accounts/ HTTP/1.1" 200 905
INFO 2026-07-12 10:35:57,408 basehttp 10621 124032512947904 "GET /api/bank-accounts/ HTTP/1.1" 200 905
INFO 2026-07-12 10:37:32,352 basehttp 10621 124032512947904 "GET /api/bank-accounts/ HTTP/1.1" 200 905
INFO 2026-07-12 10:37:32,367 basehttp 10621 124032512947904 "GET /api/bank-accounts/ HTTP/1.1" 200 905
INFO 2026-07-12 10:37:33,616 basehttp 10621 124032512947904 "GET /api/bank-accounts/ HTTP/1.1" 200 905
INFO 2026-07-12 10:37:33,632 basehttp 10621 124032512947904 "GET /api/bank-accounts/ HTTP/1.1" 200 905
INFO 2026-07-12 10:37:34,455 basehttp 10621 124032512947904 "GET /api/bank-accounts/ HTTP/1.1" 200 905
INFO 2026-07-12 10:37:34,470 basehttp 10621 124032512947904 "GET /api/bank-accounts/ HTTP/1.1" 200 905
INFO 2026-07-12 10:37:34,845 basehttp 10621 124032512947904 "GET /api/bank-accounts/ HTTP/1.1" 200 905
INFO 2026-07-12 10:37:34,860 basehttp 10621 124032512947904 "GET /api/bank-accounts/ HTTP/1.1" 200 905
INFO 2026-07-12 10:37:35,093 basehttp 10621 124032512947904 "GET /api/bank-accounts/ HTTP/1.1" 200 905
INFO 2026-07-12 10:37:35,107 basehttp 10621 124032512947904 "GET /api/bank-accounts/ HTTP/1.1" 200 905
INFO 2026-07-12 10:37:35,353 basehttp 10621 124032512947904 "GET /api/bank-accounts/ HTTP/1.1" 200 905
INFO 2026-07-12 10:37:35,375 basehttp 10621 124032512947904 "GET /api/bank-accounts/ HTTP/1.1" 200 905
INFO 2026-07-12 10:37:35,618 basehttp 10621 124032512947904 "GET /api/bank-accounts/ HTTP/1.1" 200 905
INFO 2026-07-12 10:37:35,633 basehttp 10621 124032512947904 "GET /api/bank-accounts/ HTTP/1.1" 200 905
INFO 2026-07-12 10:37:35,883 basehttp 10621 124032512947904 "GET /api/bank-accounts/ HTTP/1.1" 200 905
INFO 2026-07-12 10:37:35,898 basehttp 10621 124032512947904 "GET /api/bank-accounts/ HTTP/1.1" 200 905
INFO 2026-07-12 10:37:36,128 basehttp 10621 124032503506624 "GET /api/bank-accounts/ HTTP/1.1" 200 905
INFO 2026-07-12 10:37:36,295 basehttp 10621 124032512947904 "GET /api/bank-accounts/ HTTP/1.1" 200 905
INFO 2026-07-12 10:37:36,310 basehttp 10621 124032512947904 "GET /api/bank-accounts/ HTTP/1.1" 200 905
WARNING 2026-07-12 10:37:40,569 log 10621 124032512947904 Not Found: /api/banks/
WARNING 2026-07-12 10:37:40,570 basehttp 10621 124032512947904 "GET /api/banks/ HTTP/1.1" 404 10155
WARNING 2026-07-12 10:37:40,580 log 10621 124032503506624 Not Found: /api/banks/
WARNING 2026-07-12 10:37:40,580 basehttp 10621 124032503506624 "GET /api/banks/ HTTP/1.1" 404 10155
INFO 2026-07-12 10:37:41,081 basehttp 10621 124032503506624 "GET /api/banks/search/?search= HTTP/1.1" 200 3932
INFO 2026-07-12 10:40:41,263 basehttp 10621 124032503506624 "GET /api/bank-accounts/ HTTP/1.1" 200 905
INFO 2026-07-12 10:40:41,278 basehttp 10621 124032503506624 "GET /api/bank-accounts/ HTTP/1.1" 200 905
INFO 2026-07-12 10:40:46,185 basehttp 10621 124032503506624 "POST /api/auth/logout/ HTTP/1.1" 200 39
INFO 2026-07-12 10:40:47,951 basehttp 10621 124032503506624 "POST /api/auth/login/ HTTP/1.1" 200 641
INFO 2026-07-12 10:40:50,426 basehttp 10621 124032503506624 "POST /api/banks/init-company-folder/ HTTP/1.1" 200 359
INFO 2026-07-12 10:40:50,534 basehttp 10621 124032503506624 "GET /api/bank-accounts/ HTTP/1.1" 200 905
INFO 2026-07-12 10:40:50,548 basehttp 10621 124032503506624 "GET /api/bank-accounts/ HTTP/1.1" 200 905
WARNING 2026-07-12 10:41:06,256 log 10621 124032503506624 Not Found: /api/banks/
WARNING 2026-07-12 10:41:06,256 basehttp 10621 124032503506624 "GET /api/banks/ HTTP/1.1" 404 10155
WARNING 2026-07-12 10:41:06,267 log 10621 124032512947904 Not Found: /api/banks/
WARNING 2026-07-12 10:41:06,267 basehttp 10621 124032512947904 "GET /api/banks/ HTTP/1.1" 404 10155
INFO 2026-07-12 10:41:06,768 basehttp 10621 124032512947904 "GET /api/banks/search/?search= HTTP/1.1" 200 3932
INFO 2026-07-12 10:41:09,171 basehttp 10621 124032512947904 "GET /api/bank-accounts/ HTTP/1.1" 200 905
INFO 2026-07-12 10:41:09,186 basehttp 10621 124032512947904 "GET /api/bank-accounts/ HTTP/1.1" 200 905
WARNING 2026-07-12 11:01:22,924 log 10621 124032503506624 Not Found: /api/banks/
WARNING 2026-07-12 11:01:22,925 basehttp 10621 124032503506624 "GET /api/banks/ HTTP/1.1" 404 10155
WARNING 2026-07-12 11:01:22,930 log 10621 124032512947904 Not Found: /api/banks/
WARNING 2026-07-12 11:01:22,930 basehttp 10621 124032512947904 "GET /api/banks/ HTTP/1.1" 404 10155
INFO 2026-07-12 11:01:23,437 basehttp 10621 124032512947904 "GET /api/banks/search/?search= HTTP/1.1" 200 3932
INFO 2026-07-12 11:01:37,829 basehttp 10621 124032512947904 "POST /api/banks/create-folder/ HTTP/1.1" 201 599
INFO 2026-07-12 11:01:37,898 basehttp 10621 124032512947904 "GET /api/bank-accounts/ HTTP/1.1" 200 1352
INFO 2026-07-12 11:01:37,913 basehttp 10621 124032512947904 "GET /api/bank-accounts/ HTTP/1.1" 200 1352
INFO 2026-07-12 11:43:22,481 basehttp 10621 124032512947904 "OPTIONS /api/bank-accounts/ HTTP/1.1" 200 0
INFO 2026-07-12 11:43:22,486 basehttp 10621 124032512947904 "OPTIONS /api/bank-accounts/ HTTP/1.1" 200 0
INFO 2026-07-12 11:43:22,501 basehttp 10621 124032503506624 "GET /api/bank-accounts/ HTTP/1.1" 200 1352
INFO 2026-07-12 11:43:22,543 basehttp 10621 124032512947904 "GET /api/bank-accounts/ HTTP/1.1" 200 1352
INFO 2026-07-12 11:47:30,480 basehttp 10621 124032512947904 "GET /api/bank-accounts/ HTTP/1.1" 200 1352
INFO 2026-07-12 11:48:26,365 basehttp 10621 124032512947904 "OPTIONS /api/banks/ HTTP/1.1" 200 0
INFO 2026-07-12 11:48:26,377 basehttp 10621 124032503506624 "OPTIONS /api/banks/ HTTP/1.1" 200 0
WARNING 2026-07-12 11:48:26,380 log 10621 124032512947904 Not Found: /api/banks/
WARNING 2026-07-12 11:48:26,381 basehttp 10621 124032512947904 "GET /api/banks/ HTTP/1.1" 404 10155
WARNING 2026-07-12 11:48:26,389 log 10621 124032503506624 Not Found: /api/banks/
WARNING 2026-07-12 11:48:26,390 basehttp 10621 124032503506624 "GET /api/banks/ HTTP/1.1" 404 10155
INFO 2026-07-12 11:48:26,867 basehttp 10621 124032503506624 "OPTIONS /api/banks/search/?search= HTTP/1.1" 200 0
INFO 2026-07-12 11:48:26,881 basehttp 10621 124032503506624 "GET /api/banks/search/?search= HTTP/1.1" 200 3932
INFO 2026-07-12 11:48:42,685 basehttp 10621 124032503506624 "GET /api/bank-accounts/ HTTP/1.1" 200 1352
INFO 2026-07-12 11:48:42,700 basehttp 10621 124032512947904 "GET /api/bank-accounts/ HTTP/1.1" 200 1352
WARNING 2026-07-12 13:13:49,201 log 10621 124032512947904 Not Found: /api/banks/
WARNING 2026-07-12 13:13:49,202 basehttp 10621 124032512947904 "GET /api/banks/ HTTP/1.1" 404 10155
WARNING 2026-07-12 13:13:49,209 log 10621 124032512947904 Not Found: /api/banks/
WARNING 2026-07-12 13:13:49,209 basehttp 10621 124032512947904 "GET /api/banks/ HTTP/1.1" 404 10155
INFO 2026-07-12 13:13:49,707 basehttp 10621 124032512947904 "GET /api/banks/search/?search= HTTP/1.1" 200 3932
INFO 2026-07-12 13:14:14,220 basehttp 10621 124032512947904 "GET /api/bank-accounts/ HTTP/1.1" 200 1352
INFO 2026-07-12 13:14:14,235 basehttp 10621 124032503506624 "GET /api/bank-accounts/ HTTP/1.1" 200 1352
INFO 2026-07-12 13:16:29,104 basehttp 10621 124032414381760 "DELETE /api/bank-accounts/4/delete/ HTTP/1.1" 200 112
WARNING 2026-07-12 13:23:27,389 log 10621 124032512947904 Not Found: /api/banks/
WARNING 2026-07-12 13:23:27,390 basehttp 10621 124032512947904 "GET /api/banks/ HTTP/1.1" 404 10155
WARNING 2026-07-12 13:23:27,397 log 10621 124032512947904 Not Found: /api/banks/
WARNING 2026-07-12 13:23:27,397 basehttp 10621 124032512947904 "GET /api/banks/ HTTP/1.1" 404 10155
INFO 2026-07-12 13:23:27,898 basehttp 10621 124032512947904 "GET /api/banks/search/?search= HTTP/1.1" 200 3932
WARNING 2026-07-12 13:23:33,054 log 10621 124032512947904 Not Found: /api/banks/
WARNING 2026-07-12 13:23:33,054 basehttp 10621 124032512947904 "GET /api/banks/ HTTP/1.1" 404 10155
WARNING 2026-07-12 13:23:33,062 log 10621 124032503506624 Not Found: /api/banks/
WARNING 2026-07-12 13:23:33,062 basehttp 10621 124032503506624 "GET /api/banks/ HTTP/1.1" 404 10155
INFO 2026-07-12 13:23:33,569 basehttp 10621 124032503506624 "GET /api/banks/search/?search= HTTP/1.1" 200 3932
INFO 2026-07-12 13:23:36,967 basehttp 10621 124032503506624 "GET /api/bank-accounts/ HTTP/1.1" 200 905
INFO 2026-07-12 13:23:36,982 basehttp 10621 124032503506624 "GET /api/bank-accounts/ HTTP/1.1" 200 905
INFO 2026-07-12 13:25:12,402 basehttp 10621 124032503506624 "OPTIONS /api/auth/logout/ HTTP/1.1" 200 0
INFO 2026-07-12 13:25:12,428 basehttp 10621 124032503506624 "POST /api/auth/logout/ HTTP/1.1" 200 39
INFO 2026-07-12 13:25:19,435 basehttp 10621 124032503506624 "OPTIONS /api/auth/login/ HTTP/1.1" 200 0
INFO 2026-07-12 13:25:19,591 basehttp 10621 124032503506624 "POST /api/auth/login/ HTTP/1.1" 200 641
INFO 2026-07-12 13:25:19,636 basehttp 10621 124032503506624 "OPTIONS /api/banks/init-company-folder/ HTTP/1.1" 200 0
INFO 2026-07-12 13:25:22,268 basehttp 10621 124032503506624 "POST /api/banks/init-company-folder/ HTTP/1.1" 200 359
INFO 2026-07-12 13:25:22,369 basehttp 10621 124032503506624 "GET /api/bank-accounts/ HTTP/1.1" 200 905
INFO 2026-07-12 13:25:22,383 basehttp 10621 124032503506624 "GET /api/bank-accounts/ HTTP/1.1" 200 905
INFO 2026-07-12 13:25:26,595 basehttp 10621 124032503506624 "POST /api/auth/logout/ HTTP/1.1" 200 39
INFO 2026-07-12 13:25:40,126 basehttp 10621 124032503506624 "POST /api/auth/login/ HTTP/1.1" 200 641
INFO 2026-07-12 13:25:42,470 basehttp 10621 124032503506624 "POST /api/banks/init-company-folder/ HTTP/1.1" 200 359
INFO 2026-07-12 13:25:42,574 basehttp 10621 124032503506624 "GET /api/bank-accounts/ HTTP/1.1" 200 905
INFO 2026-07-12 13:25:42,589 basehttp 10621 124032503506624 "GET /api/bank-accounts/ HTTP/1.1" 200 905
INFO 2026-07-12 13:26:40,653 basehttp 10621 124032503506624 "GET /api/bank-accounts/ HTTP/1.1" 200 905
INFO 2026-07-12 13:26:40,669 basehttp 10621 124032503506624 "GET /api/bank-accounts/ HTTP/1.1" 200 905
INFO 2026-07-12 13:27:04,618 basehttp 10621 124032503506624 "POST /api/auth/logout/ HTTP/1.1" 200 39
INFO 2026-07-12 13:27:31,573 basehttp 10621 124032503506624 "POST /api/auth/login/ HTTP/1.1" 200 641
INFO 2026-07-12 13:27:33,937 basehttp 10621 124032503506624 "POST /api/banks/init-company-folder/ HTTP/1.1" 200 359
INFO 2026-07-12 13:27:34,040 basehttp 10621 124032503506624 "GET /api/bank-accounts/ HTTP/1.1" 200 905
INFO 2026-07-12 13:27:34,056 basehttp 10621 124032503506624 "GET /api/bank-accounts/ HTTP/1.1" 200 905
WARNING 2026-07-12 13:28:10,386 log 10621 124032503506624 Not Found: /api/banks/
WARNING 2026-07-12 13:28:10,386 basehttp 10621 124032503506624 "GET /api/banks/ HTTP/1.1" 404 10155
WARNING 2026-07-12 13:28:10,394 log 10621 124032512947904 Not Found: /api/banks/
WARNING 2026-07-12 13:28:10,394 basehttp 10621 124032512947904 "GET /api/banks/ HTTP/1.1" 404 10155
INFO 2026-07-12 13:28:10,896 basehttp 10621 124032512947904 "GET /api/banks/search/?search= HTTP/1.1" 200 3932
INFO 2026-07-12 13:32:40,984 basehttp 10621 124032512947904 "GET /api/bank-accounts/ HTTP/1.1" 200 905
INFO 2026-07-12 13:32:41,000 basehttp 10621 124032512947904 "GET /api/bank-accounts/ HTTP/1.1" 200 905
WARNING 2026-07-12 13:32:55,146 log 10621 124032512947904 Not Found: /api/banks/
WARNING 2026-07-12 13:32:55,147 basehttp 10621 124032512947904 "GET /api/banks/ HTTP/1.1" 404 10155
WARNING 2026-07-12 13:32:55,154 log 10621 124032503506624 Not Found: /api/banks/
WARNING 2026-07-12 13:32:55,155 basehttp 10621 124032503506624 "GET /api/banks/ HTTP/1.1" 404 10155
INFO 2026-07-12 13:32:55,657 basehttp 10621 124032503506624 "GET /api/banks/search/?search= HTTP/1.1" 200 3932
INFO 2026-07-12 13:35:17,381 basehttp 10621 124032503506624 "POST /api/auth/logout/ HTTP/1.1" 200 39
INFO 2026-07-12 13:37:45,581 basehttp 10621 124032503506624 "POST /api/auth/login/ HTTP/1.1" 200 641
INFO 2026-07-12 13:37:48,169 basehttp 10621 124032503506624 "POST /api/banks/init-company-folder/ HTTP/1.1" 200 359
INFO 2026-07-12 13:37:48,300 basehttp 10621 124032503506624 "GET /api/bank-accounts/ HTTP/1.1" 200 905
INFO 2026-07-12 13:37:48,314 basehttp 10621 124032503506624 "GET /api/bank-accounts/ HTTP/1.1" 200 905
INFO 2026-07-12 13:37:54,597 basehttp 10621 124032503506624 "POST /api/auth/logout/ HTTP/1.1" 200 39
INFO 2026-07-12 13:38:26,981 basehttp 10621 124032503506624 "POST /api/auth/login/ HTTP/1.1" 200 641
INFO 2026-07-12 13:38:29,432 basehttp 10621 124032503506624 "POST /api/banks/init-company-folder/ HTTP/1.1" 200 359
INFO 2026-07-12 13:38:29,549 basehttp 10621 124032503506624 "GET /api/bank-accounts/ HTTP/1.1" 200 905
INFO 2026-07-12 13:38:29,565 basehttp 10621 124032503506624 "GET /api/bank-accounts/ HTTP/1.1" 200 905
WARNING 2026-07-12 13:38:39,202 log 10621 124032503506624 Not Found: /api/banks/
WARNING 2026-07-12 13:38:39,202 basehttp 10621 124032503506624 "GET /api/banks/ HTTP/1.1" 404 10155
WARNING 2026-07-12 13:38:39,209 log 10621 124032512947904 Not Found: /api/banks/
WARNING 2026-07-12 13:38:39,209 basehttp 10621 124032512947904 "GET /api/banks/ HTTP/1.1" 404 10155
INFO 2026-07-12 13:38:39,711 basehttp 10621 124032512947904 "GET /api/banks/search/?search= HTTP/1.1" 200 3932
INFO 2026-07-12 13:39:00,719 basehttp 10621 124032512947904 "GET /api/bank-accounts/ HTTP/1.1" 200 905
INFO 2026-07-12 13:39:00,733 basehttp 10621 124032512947904 "GET /api/bank-accounts/ HTTP/1.1" 200 905
INFO 2026-07-12 13:39:04,023 basehttp 10621 124032512947904 "POST /api/auth/logout/ HTTP/1.1" 200 39
INFO 2026-07-12 13:39:27,969 basehttp 10621 124032512947904 "POST /api/auth/login/ HTTP/1.1" 200 641
INFO 2026-07-12 13:39:30,371 basehttp 10621 124032512947904 "POST /api/banks/init-company-folder/ HTTP/1.1" 200 359
INFO 2026-07-12 13:39:30,466 basehttp 10621 124032512947904 "GET /api/bank-accounts/ HTTP/1.1" 200 905
INFO 2026-07-12 13:39:30,483 basehttp 10621 124032512947904 "GET /api/bank-accounts/ HTTP/1.1" 200 905
WARNING 2026-07-12 13:40:07,767 log 10621 124032512947904 Not Found: /api/banks/
WARNING 2026-07-12 13:40:07,767 basehttp 10621 124032512947904 "GET /api/banks/ HTTP/1.1" 404 10155
WARNING 2026-07-12 13:40:07,786 log 10621 124032503506624 Not Found: /api/banks/
WARNING 2026-07-12 13:40:07,786 basehttp 10621 124032503506624 "GET /api/banks/ HTTP/1.1" 404 10155
INFO 2026-07-12 13:40:08,276 basehttp 10621 124032503506624 "GET /api/banks/search/?search= HTTP/1.1" 200 3932
INFO 2026-07-12 15:10:32,754 basehttp 10621 124032512947904 "OPTIONS /api/bank-accounts/ HTTP/1.1" 200 0
INFO 2026-07-12 15:10:32,755 basehttp 10621 124032503506624 "OPTIONS /api/bank-accounts/ HTTP/1.1" 200 0
INFO 2026-07-12 15:10:32,775 basehttp 10621 124032512947904 "GET /api/bank-accounts/ HTTP/1.1" 200 905
INFO 2026-07-12 15:10:32,830 basehttp 10621 124032512947904 "GET /api/bank-accounts/ HTTP/1.1" 200 905
INFO 2026-07-13 11:17:24,427 tasks 12064 129043645694464 Checking for failed tasks...
INFO 2026-07-13 11:17:31,022 autoreload 12258 132296701747712 Watching for file changes with StatReloader
WARNING 2026-07-13 11:18:05,994 log 12258 132295918339776 Not Found: /
WARNING 2026-07-13 11:18:05,995 basehttp 12258 132295918339776 "GET / HTTP/1.1" 404 2304
WARNING 2026-07-13 11:18:06,020 log 12258 132295918339776 Not Found: /favicon.ico
WARNING 2026-07-13 11:18:06,020 basehttp 12258 132295918339776 "GET /favicon.ico HTTP/1.1" 404 2355
INFO 2026-07-13 11:18:10,526 basehttp 12258 132295918339776 "GET /admin/ HTTP/1.1" 200 20323
INFO 2026-07-13 11:18:10,538 basehttp 12258 132295898408640 "GET /static/admin/css/dark_mode.css HTTP/1.1" 304 0
INFO 2026-07-13 11:18:10,540 basehttp 12258 132295881623232 "GET /static/admin/css/dashboard.css HTTP/1.1" 304 0
INFO 2026-07-13 11:18:10,540 basehttp 12258 132295873230528 "GET /static/admin/js/theme.js HTTP/1.1" 304 0
INFO 2026-07-13 11:18:10,540 basehttp 12258 132295890015936 "GET /static/admin/css/nav_sidebar.css HTTP/1.1" 304 0
INFO 2026-07-13 11:18:10,540 basehttp 12258 132295918339776 "GET /static/admin/css/base.css HTTP/1.1" 200 22120
INFO 2026-07-13 11:18:10,540 basehttp 12258 132295909947072 "GET /static/admin/css/responsive.css HTTP/1.1" 200 16565
INFO 2026-07-13 11:18:10,547 basehttp 12258 132295909947072 "GET /static/admin/js/nav_sidebar.js HTTP/1.1" 304 0
INFO 2026-07-13 11:18:10,590 basehttp 12258 132295909947072 "GET /static/admin/img/icon-addlink.svg HTTP/1.1" 304 0
INFO 2026-07-13 11:18:10,590 basehttp 12258 132295918339776 "GET /static/admin/img/icon-changelink.svg HTTP/1.1" 304 0
INFO 2026-07-13 11:18:25,062 basehttp 12258 132295909947072 "GET /admin/django_celery_beat/clockedschedule/ HTTP/1.1" 200 18098
INFO 2026-07-13 11:18:25,072 basehttp 12258 132295898408640 "GET /static/admin/js/core.js HTTP/1.1" 304 0
INFO 2026-07-13 11:18:25,073 basehttp 12258 132295881623232 "GET /static/admin/js/jquery.init.js HTTP/1.1" 304 0
INFO 2026-07-13 11:18:25,073 basehttp 12258 132295890015936 "GET /static/admin/css/changelists.css HTTP/1.1" 304 0
INFO 2026-07-13 11:18:25,075 basehttp 12258 132295918339776 "GET /static/admin/js/vendor/jquery/jquery.js HTTP/1.1" 200 285314
INFO 2026-07-13 11:18:25,074 basehttp 12258 132295873230528 "GET /static/admin/js/vendor/xregexp/xregexp.js HTTP/1.1" 200 325171
INFO 2026-07-13 11:18:25,077 basehttp 12258 132295898408640 "GET /static/admin/js/admin/RelatedObjectLookups.js HTTP/1.1" 304 0
INFO 2026-07-13 11:18:25,081 basehttp 12258 132295890015936 "GET /static/admin/js/actions.js HTTP/1.1" 304 0
INFO 2026-07-13 11:18:25,082 basehttp 12258 132295881623232 "GET /static/admin/js/urlify.js HTTP/1.1" 304 0
INFO 2026-07-13 11:18:25,083 basehttp 12258 132295918339776 "GET /static/admin/js/prepopulate.js HTTP/1.1" 304 0
INFO 2026-07-13 11:18:25,085 basehttp 12258 132295909947072 "GET /admin/jsi18n/ HTTP/1.1" 200 3342
INFO 2026-07-13 11:18:25,129 basehttp 12258 132295909947072 "GET /static/admin/js/filters.js HTTP/1.1" 304 0
INFO 2026-07-13 11:18:25,145 basehttp 12258 132295918339776 "GET /static/admin/img/tooltag-add.svg HTTP/1.1" 304 0
INFO 2026-07-13 11:18:27,976 basehttp 12258 132295918339776 "GET /admin/django_celery_beat/crontabschedule/ HTTP/1.1" 200 20873
INFO 2026-07-13 11:18:27,995 basehttp 12258 132295918339776 "GET /admin/jsi18n/ HTTP/1.1" 200 3342
INFO 2026-07-13 11:18:30,409 basehttp 12258 132295918339776 "GET /admin/django_celery_beat/intervalschedule/ HTTP/1.1" 200 18107
INFO 2026-07-13 11:18:30,428 basehttp 12258 132295918339776 "GET /admin/jsi18n/ HTTP/1.1" 200 3342
INFO 2026-07-13 11:18:32,137 basehttp 12258 132295918339776 "GET /admin/django_celery_beat/solarschedule/ HTTP/1.1" 200 18116
INFO 2026-07-13 11:18:32,156 basehttp 12258 132295918339776 "GET /admin/jsi18n/ HTTP/1.1" 200 3342
INFO 2026-07-13 11:18:35,389 basehttp 12258 132295918339776 "GET /admin/banklist/auditlog/ HTTP/1.1" 200 20255
INFO 2026-07-13 11:18:35,398 basehttp 12258 132295909947072 "GET /static/admin/img/search.svg HTTP/1.1" 304 0
INFO 2026-07-13 11:18:35,408 basehttp 12258 132295918339776 "GET /admin/jsi18n/ HTTP/1.1" 200 3342
INFO 2026-07-13 11:18:35,460 basehttp 12258 132295918339776 "GET /static/admin/img/icon-viewlink.svg HTTP/1.1" 304 0
INFO 2026-07-13 11:18:38,880 basehttp 12258 132295918339776 "GET /admin/banklist/company/ HTTP/1.1" 200 20500
INFO 2026-07-13 11:18:38,899 basehttp 12258 132295918339776 "GET /admin/jsi18n/ HTTP/1.1" 200 3342
INFO 2026-07-13 11:18:41,147 basehttp 12258 132295918339776 "GET /admin/banklist/receiptdocument/ HTTP/1.1" 200 22090
INFO 2026-07-13 11:18:41,156 basehttp 12258 132295909947072 "GET /static/admin/img/icon-yes.svg HTTP/1.1" 304 0
INFO 2026-07-13 11:18:41,167 basehttp 12258 132295918339776 "GET /admin/jsi18n/ HTTP/1.1" 200 3342
INFO 2026-07-13 11:18:41,218 basehttp 12258 132295918339776 "GET /static/admin/img/sorting-icons.svg HTTP/1.1" 304 0
INFO 2026-07-13 11:18:48,545 basehttp 12258 132295918339776 "GET /admin/banklist/receiptdocument/1/change/ HTTP/1.1" 200 27314
INFO 2026-07-13 11:18:48,555 basehttp 12258 132295881623232 "GET /static/admin/css/forms.css HTTP/1.1" 304 0
INFO 2026-07-13 11:18:48,556 basehttp 12258 132295909947072 "GET /static/admin/js/calendar.js HTTP/1.1" 200 9141
INFO 2026-07-13 11:18:48,556 basehttp 12258 132295898408640 "GET /static/admin/js/prepopulate_init.js HTTP/1.1" 304 0
INFO 2026-07-13 11:18:48,556 basehttp 12258 132295890015936 "GET /static/admin/js/admin/DateTimeShortcuts.js HTTP/1.1" 200 19319
INFO 2026-07-13 11:18:48,562 basehttp 12258 132295890015936 "GET /static/admin/css/widgets.css HTTP/1.1" 304 0
INFO 2026-07-13 11:18:48,567 basehttp 12258 132295918339776 "GET /admin/jsi18n/ HTTP/1.1" 200 3342
INFO 2026-07-13 11:18:48,607 basehttp 12258 132295890015936 "GET /static/admin/js/change_form.js HTTP/1.1" 304 0
INFO 2026-07-13 11:18:48,653 basehttp 12258 132295890015936 "GET /static/admin/img/icon-calendar.svg HTTP/1.1" 200 1086
INFO 2026-07-13 11:18:48,654 basehttp 12258 132295918339776 "GET /static/admin/img/icon-clock.svg HTTP/1.1" 200 677
INFO 2026-07-13 11:18:58,980 basehttp 12258 132295890015936 "GET /admin/banklist/reconciliationrule/ HTTP/1.1" 200 19173
INFO 2026-07-13 11:18:59,000 basehttp 12258 132295890015936 "GET /admin/jsi18n/ HTTP/1.1" 200 3342
INFO 2026-07-13 11:19:00,852 basehttp 12258 132295890015936 "GET /admin/banklist/reconciliationrun/ HTTP/1.1" 200 19158
INFO 2026-07-13 11:19:00,870 basehttp 12258 132295890015936 "GET /admin/jsi18n/ HTTP/1.1" 200 3342
INFO 2026-07-13 11:19:02,104 basehttp 12258 132295890015936 "GET /admin/banklist/transaction/ HTTP/1.1" 200 50795
INFO 2026-07-13 11:19:02,123 basehttp 12258 132295890015936 "GET /admin/jsi18n/ HTTP/1.1" 200 3342
INFO 2026-07-13 11:19:14,822 basehttp 12258 132295890015936 "GET /admin/banklist/uploadedstatement/ HTTP/1.1" 200 22226
INFO 2026-07-13 11:19:14,844 basehttp 12258 132295890015936 "GET /admin/jsi18n/ HTTP/1.1" 200 3342
INFO 2026-07-13 11:19:18,403 basehttp 12258 132295890015936 "GET /admin/banklist/user/ HTTP/1.1" 200 24155
INFO 2026-07-13 11:19:18,414 basehttp 12258 132295918339776 "GET /static/admin/img/icon-no.svg HTTP/1.1" 200 560
INFO 2026-07-13 11:19:18,423 basehttp 12258 132295890015936 "GET /admin/jsi18n/ HTTP/1.1" 200 3342
INFO 2026-07-13 11:19:29,050 basehttp 12258 132295890015936 "GET /admin/auth/group/ HTTP/1.1" 200 18371
INFO 2026-07-13 11:19:29,069 basehttp 12258 132295890015936 "GET /admin/jsi18n/ HTTP/1.1" 200 3342
INFO 2026-07-13 11:19:30,828 basehttp 12258 132295890015936 "GET /admin/banklist/user/ HTTP/1.1" 200 24155
INFO 2026-07-13 11:19:30,847 basehttp 12258 132295890015936 "GET /admin/jsi18n/ HTTP/1.1" 200 3342
INFO 2026-07-13 11:19:33,273 basehttp 12258 132295890015936 "GET /admin/token_blacklist/blacklistedtoken/ HTTP/1.1" 200 25917
INFO 2026-07-13 11:19:33,292 basehttp 12258 132295890015936 "GET /admin/jsi18n/ HTTP/1.1" 200 3342
INFO 2026-07-13 11:19:35,267 basehttp 12258 132295890015936 "GET /admin/token_blacklist/outstandingtoken/ HTTP/1.1" 200 23740
INFO 2026-07-13 11:19:38,149 basehttp 12258 132295890015936 "GET /admin/banklist/user/ HTTP/1.1" 200 24155
INFO 2026-07-13 11:19:38,170 basehttp 12258 132295890015936 "GET /admin/jsi18n/ HTTP/1.1" 200 3342
INFO 2026-07-13 11:19:38,828 basehttp 12258 132295890015936 "GET /admin/banklist/uploadedstatement/ HTTP/1.1" 200 22226
INFO 2026-07-13 11:19:38,846 basehttp 12258 132295890015936 "GET /admin/jsi18n/ HTTP/1.1" 200 3342
INFO 2026-07-13 11:19:40,652 basehttp 12258 132295890015936 "GET /admin/banklist/transaction/ HTTP/1.1" 200 50795
INFO 2026-07-13 11:19:40,671 basehttp 12258 132295890015936 "GET /admin/jsi18n/ HTTP/1.1" 200 3342
INFO 2026-07-13 11:19:54,332 basehttp 12258 132295890015936 "GET /admin/banklist/uploadedstatement/ HTTP/1.1" 200 22226
INFO 2026-07-13 11:19:54,373 basehttp 12258 132295890015936 "GET /admin/jsi18n/ HTTP/1.1" 200 3342
INFO 2026-07-13 11:20:15,191 basehttp 12258 132295890015936 "GET /admin/banklist/transaction/ HTTP/1.1" 200 50795
INFO 2026-07-13 11:20:15,211 basehttp 12258 132295890015936 "GET /admin/jsi18n/ HTTP/1.1" 200 3342
INFO 2026-07-13 11:20:24,760 basehttp 12258 132295890015936 "GET /admin/banklist/transaction/?o= HTTP/1.1" 200 51899
INFO 2026-07-13 11:20:24,780 basehttp 12258 132295890015936 "GET /admin/jsi18n/ HTTP/1.1" 200 3342
INFO 2026-07-13 11:20:32,033 basehttp 12258 132295890015936 "GET /admin/banklist/transaction/add/?_changelist_filters=o%3D HTTP/1.1" 200 37478
INFO 2026-07-13 11:20:32,046 basehttp 12258 132295918339776 "GET /static/admin/img/icon-deletelink.svg HTTP/1.1" 200 392
INFO 2026-07-13 11:20:32,054 basehttp 12258 132295890015936 "GET /admin/jsi18n/ HTTP/1.1" 200 3342
INFO 2026-07-13 11:20:36,068 basehttp 12258 132295890015936 "GET /admin/banklist/transaction/ HTTP/1.1" 200 50795
INFO 2026-07-13 11:20:36,087 basehttp 12258 132295890015936 "GET /admin/jsi18n/ HTTP/1.1" 200 3342
INFO 2026-07-13 11:20:37,219 basehttp 12258 132295890015936 "GET /admin/banklist/reconciliationrule/ HTTP/1.1" 200 19173
INFO 2026-07-13 11:20:37,237 basehttp 12258 132295890015936 "GET /admin/jsi18n/ HTTP/1.1" 200 3342
INFO 2026-07-13 11:20:39,837 basehttp 12258 132295890015936 "GET /admin/banklist/reconciliationrule/add/ HTTP/1.1" 200 26829
INFO 2026-07-13 11:20:39,856 basehttp 12258 132295890015936 "GET /admin/jsi18n/ HTTP/1.1" 200 3342
INFO 2026-07-13 11:20:45,027 basehttp 12258 132295890015936 "GET /admin/banklist/company/ HTTP/1.1" 200 20500
INFO 2026-07-13 11:20:45,047 basehttp 12258 132295890015936 "GET /admin/jsi18n/ HTTP/1.1" 200 3342
INFO 2026-07-13 11:20:47,253 basehttp 12258 132295890015936 "GET /admin/banklist/user/ HTTP/1.1" 200 24155
INFO 2026-07-13 11:20:47,272 basehttp 12258 132295890015936 "GET /admin/jsi18n/ HTTP/1.1" 200 3342
INFO 2026-07-13 11:20:50,135 basehttp 12258 132295890015936 "GET /admin/banklist/transaction/ HTTP/1.1" 200 50795
INFO 2026-07-13 11:20:50,154 basehttp 12258 132295890015936 "GET /admin/jsi18n/ HTTP/1.1" 200 3342
WARNING 2026-07-13 11:22:45,377 log 12258 132295524611776 Unauthorized: /api/auth/login/
WARNING 2026-07-13 11:22:45,378 basehttp 12258 132295524611776 "POST /api/auth/login/ HTTP/1.1" 401 172
INFO 2026-07-13 11:23:52,810 basehttp 12258 132295890015936 "GET /admin/banklist/company/ HTTP/1.1" 200 20500
INFO 2026-07-13 11:23:52,830 basehttp 12258 132295890015936 "GET /admin/jsi18n/ HTTP/1.1" 200 3342
INFO 2026-07-13 11:23:57,180 basehttp 12258 132295890015936 "GET /admin/banklist/bank/ HTTP/1.1" 200 49484
INFO 2026-07-13 11:23:57,201 basehttp 12258 132295890015936 "GET /admin/jsi18n/ HTTP/1.1" 200 3342
INFO 2026-07-13 11:24:15,205 basehttp 12258 132295890015936 "GET /admin/banklist/bankaccount/ HTTP/1.1" 200 27943
INFO 2026-07-13 11:24:15,225 basehttp 12258 132295890015936 "GET /admin/jsi18n/ HTTP/1.1" 200 3342
INFO 2026-07-13 11:24:19,386 basehttp 12258 132295890015936 "GET /admin/banklist/company/ HTTP/1.1" 200 20500
INFO 2026-07-13 11:24:19,406 basehttp 12258 132295890015936 "GET /admin/jsi18n/ HTTP/1.1" 200 3342
INFO 2026-07-13 11:24:23,649 basehttp 12258 132295890015936 "GET /admin/banklist/company/2/change/ HTTP/1.1" 200 19036
INFO 2026-07-13 11:24:23,669 basehttp 12258 132295890015936 "GET /admin/jsi18n/ HTTP/1.1" 200 3342
INFO 2026-07-13 11:24:29,962 basehttp 12258 132295890015936 "GET /admin/banklist/company/ HTTP/1.1" 200 20500
INFO 2026-07-13 11:24:29,983 basehttp 12258 132295890015936 "GET /admin/jsi18n/ HTTP/1.1" 200 3342
INFO 2026-07-13 11:24:36,653 basehttp 12258 132295890015936 "GET /admin/banklist/user/ HTTP/1.1" 200 24155
INFO 2026-07-13 11:24:36,673 basehttp 12258 132295890015936 "GET /admin/jsi18n/ HTTP/1.1" 200 3342
WARNING 2026-07-13 11:25:19,824 log 12258 132295881623232 Bad Request: /api/auth/register/
WARNING 2026-07-13 11:25:19,824 basehttp 12258 132295881623232 "POST /api/auth/register/ HTTP/1.1" 400 216
INFO 2026-07-13 11:29:07,947 basehttp 12258 132295873230528 "POST /api/auth/register/ HTTP/1.1" 201 638
INFO 2026-07-13 11:29:33,975 basehttp 12258 132295873230528 "POST /api/auth/login/ HTTP/1.1" 200 626
INFO 2026-07-13 11:30:08,751 basehttp 12258 132295898408640 "GET /admin/banklist/user/ HTTP/1.1" 200 24816
INFO 2026-07-13 11:30:08,772 basehttp 12258 132295898408640 "GET /admin/jsi18n/ HTTP/1.1" 200 3342
INFO 2026-07-13 11:30:44,368 basehttp 12258 132295514121920 "GET /admin/banklist/bank/ HTTP/1.1" 200 49484
INFO 2026-07-13 11:30:44,393 basehttp 12258 132295514121920 "GET /admin/jsi18n/ HTTP/1.1" 200 3342
WARNING 2026-07-13 11:31:25,791 log 12258 132295496287936 Method Not Allowed: /api/bank-accounts/
WARNING 2026-07-13 11:31:25,791 basehttp 12258 132295496287936 "POST /api/bank-accounts/ HTTP/1.1" 405 41
INFO 2026-07-13 11:31:35,537 basehttp 12258 132295496287936 "GET /api/bank-accounts/ HTTP/1.1" 200 2
WARNING 2026-07-13 11:31:46,303 log 12258 132295496287936 Method Not Allowed: /api/bank-accounts/
WARNING 2026-07-13 11:31:46,303 basehttp 12258 132295496287936 "POST /api/bank-accounts/ HTTP/1.1" 405 41
INFO 2026-07-13 11:32:34,351 basehttp 12258 132295496287936 "POST /api/banks/init-company-folder/ HTTP/1.1" 200 363
WARNING 2026-07-13 11:33:14,672 log 12258 132295496287936 Bad Request: /api/banks/create-folder/
WARNING 2026-07-13 11:33:14,672 basehttp 12258 132295496287936 "POST /api/banks/create-folder/ HTTP/1.1" 400 33
INFO 2026-07-13 11:33:36,823 basehttp 12258 132295514121920 "GET /admin/banklist/bankaccount/ HTTP/1.1" 200 28006
INFO 2026-07-13 11:33:36,844 basehttp 12258 132295514121920 "GET /admin/jsi18n/ HTTP/1.1" 200 3342
INFO 2026-07-13 11:44:55,367 basehttp 12258 132295505729216 "GET /admin/banklist/bank/ HTTP/1.1" 200 49484
INFO 2026-07-13 11:44:55,389 basehttp 12258 132295505729216 "GET /admin/jsi18n/ HTTP/1.1" 200 3342
INFO 2026-07-13 11:45:03,600 basehttp 12258 132295505729216 "GET /admin/banklist/bank/41/change/ HTTP/1.1" 200 20266
INFO 2026-07-13 11:45:03,624 basehttp 12258 132295505729216 "GET /admin/jsi18n/ HTTP/1.1" 200 3342
WARNING 2026-07-13 11:46:35,323 log 12258 132295478453952 Bad Request: /api/banks/create-folder/
WARNING 2026-07-13 11:46:35,323 basehttp 12258 132295478453952 "POST /api/banks/create-folder/ HTTP/1.1" 400 33
WARNING 2026-07-13 11:46:36,651 log 12258 132295478453952 Bad Request: /api/banks/create-folder/
WARNING 2026-07-13 11:46:36,652 basehttp 12258 132295478453952 "POST /api/banks/create-folder/ HTTP/1.1" 400 33
WARNING 2026-07-13 11:46:38,445 log 12258 132295478453952 Bad Request: /api/banks/create-folder/
WARNING 2026-07-13 11:46:38,446 basehttp 12258 132295478453952 "POST /api/banks/create-folder/ HTTP/1.1" 400 33
WARNING 2026-07-13 11:46:57,459 log 12258 132295478453952 Bad Request: /api/banks/create-folder/
WARNING 2026-07-13 11:46:57,459 basehttp 12258 132295478453952 "POST /api/banks/create-folder/ HTTP/1.1" 400 33
INFO 2026-07-13 11:52:25,199 basehttp 12258 132295487895232 "POST /api/banks/create-folder/ HTTP/1.1" 201 670
INFO 2026-07-13 11:54:46,173 basehttp 12258 132295327479488 "GET /admin/banklist/bank/ HTTP/1.1" 200 49484
INFO 2026-07-13 11:54:46,197 basehttp 12258 132295327479488 "GET /admin/jsi18n/ HTTP/1.1" 200 3342
INFO 2026-07-13 11:54:48,253 basehttp 12258 132295327479488 "GET /admin/banklist/bankaccount/ HTTP/1.1" 200 28590
INFO 2026-07-13 11:54:48,275 basehttp 12258 132295327479488 "GET /admin/jsi18n/ HTTP/1.1" 200 3342
INFO 2026-07-13 11:57:31,749 basehttp 12258 132295327479488 "GET /admin/banklist/bankaccount/6/change/ HTTP/1.1" 200 29656
INFO 2026-07-13 11:57:31,774 basehttp 12258 132295327479488 "GET /admin/jsi18n/ HTTP/1.1" 200 3342
INFO 2026-07-13 11:58:03,826 basehttp 12258 132295327479488 "GET /admin/banklist/bankaccount/ HTTP/1.1" 200 28590
INFO 2026-07-13 11:58:03,849 basehttp 12258 132295327479488 "GET /admin/jsi18n/ HTTP/1.1" 200 3342
INFO 2026-07-13 12:00:00,003 tasks 12064 129043645694464 Checking for failed tasks...
INFO 2026-07-13 12:30:05,007 basehttp 12258 132295319086784 "GET /admin/banklist/company/ HTTP/1.1" 200 20825
INFO 2026-07-13 12:30:05,031 basehttp 12258 132295319086784 "GET /admin/jsi18n/ HTTP/1.1" 200 3342
INFO 2026-07-13 12:30:07,083 basehttp 12258 132295319086784 "GET /admin/banklist/bankaccount/ HTTP/1.1" 200 28590
INFO 2026-07-13 12:30:07,102 basehttp 12258 132295319086784 "GET /admin/jsi18n/ HTTP/1.1" 200 3342
INFO 2026-07-13 12:30:11,307 basehttp 12258 132295319086784 "GET /admin/banklist/bankaccount/6/change/ HTTP/1.1" 200 29656
INFO 2026-07-13 12:30:11,328 basehttp 12258 132295319086784 "GET /admin/jsi18n/ HTTP/1.1" 200 3342
INFO 2026-07-13 12:30:42,208 basehttp 12258 132295310694080 "GET /admin/banklist/transaction/ HTTP/1.1" 200 50858
INFO 2026-07-13 12:30:42,230 basehttp 12258 132295310694080 "GET /admin/jsi18n/ HTTP/1.1" 200 3342
WARNING 2026-07-13 12:31:05,982 log 12258 132295293908672 Bad Request: /api/banks/upload-file/
WARNING 2026-07-13 12:31:05,982 basehttp 12258 132295293908672 "POST /api/banks/upload-file/ HTTP/1.1" 400 65
WARNING 2026-07-13 12:32:03,512 log 12258 132295293908672 Bad Request: /api/banks/upload-file/
WARNING 2026-07-13 12:32:03,512 basehttp 12258 132295293908672 "POST /api/banks/upload-file/ HTTP/1.1" 400 65
ERROR 2026-07-13 12:33:00,310 views 12258 132295293908672 Upload error: Unsupported media type "application/json" in request.
ERROR 2026-07-13 12:33:00,310 log 12258 132295293908672 Internal Server Error: /api/banks/upload-file/
ERROR 2026-07-13 12:33:00,311 basehttp 12258 132295293908672 "POST /api/banks/upload-file/ HTTP/1.1" 500 67
WARNING 2026-07-13 12:34:58,031 log 12258 132295302301376 Bad Request: /api/banks/upload-file/
WARNING 2026-07-13 12:34:58,031 basehttp 12258 132295302301376 "POST /api/banks/upload-file/ HTTP/1.1" 400 65
WARNING 2026-07-13 12:35:01,963 log 12258 132295302301376 Method Not Allowed: /api/banks/upload-file/
WARNING 2026-07-13 12:35:01,964 basehttp 12258 132295302301376 "GET /api/banks/upload-file/ HTTP/1.1" 405 40
WARNING 2026-07-13 12:35:08,256 log 12258 132295302301376 Bad Request: /api/banks/upload-file/
WARNING 2026-07-13 12:35:08,256 basehttp 12258 132295302301376 "POST /api/banks/upload-file/ HTTP/1.1" 400 65
INFO 2026-07-13 12:35:25,641 basehttp 12258 132295310694080 "GET /admin/banklist/transaction/ HTTP/1.1" 200 50858
INFO 2026-07-13 12:35:25,663 basehttp 12258 132295310694080 "GET /admin/jsi18n/ HTTP/1.1" 200 3342
INFO 2026-07-13 12:35:56,692 basehttp 12258 132295310694080 "GET /admin/banklist/user/ HTTP/1.1" 200 24816
INFO 2026-07-13 12:35:56,714 basehttp 12258 132295310694080 "GET /admin/jsi18n/ HTTP/1.1" 200 3342
INFO 2026-07-13 12:35:58,114 basehttp 12258 132295310694080 "GET /admin/banklist/uploadedstatement/ HTTP/1.1" 200 22226
INFO 2026-07-13 12:35:58,133 basehttp 12258 132295310694080 "GET /admin/jsi18n/ HTTP/1.1" 200 3342
INFO 2026-07-13 12:36:02,651 basehttp 12258 132295310694080 "GET /admin/banklist/uploadedstatement/add/ HTTP/1.1" 200 23486
INFO 2026-07-13 12:36:02,674 basehttp 12258 132295310694080 "GET /admin/jsi18n/ HTTP/1.1" 200 3342
INFO 2026-07-13 12:36:36,233 basehttp 12258 132295310694080 "GET /admin/banklist/reconciliationrun/ HTTP/1.1" 200 19221
INFO 2026-07-13 12:36:36,254 basehttp 12258 132295310694080 "GET /admin/jsi18n/ HTTP/1.1" 200 3342
INFO 2026-07-13 12:36:37,042 basehttp 12258 132295310694080 "GET /admin/banklist/receiptdocument/ HTTP/1.1" 200 22153
INFO 2026-07-13 12:36:37,062 basehttp 12258 132295310694080 "GET /admin/jsi18n/ HTTP/1.1" 200 3342
INFO 2026-07-13 12:36:39,272 basehttp 12258 132295310694080 "GET /admin/banklist/company/ HTTP/1.1" 200 20825
INFO 2026-07-13 12:36:39,318 basehttp 12258 132295310694080 "GET /admin/jsi18n/ HTTP/1.1" 200 3342
INFO 2026-07-13 12:36:39,921 basehttp 12258 132295310694080 "GET /admin/banklist/bank/ HTTP/1.1" 200 49484
INFO 2026-07-13 12:36:39,941 basehttp 12258 132295310694080 "GET /admin/jsi18n/ HTTP/1.1" 200 3342
INFO 2026-07-13 12:36:41,636 basehttp 12258 132295310694080 "GET /admin/banklist/bankaccount/ HTTP/1.1" 200 28590
INFO 2026-07-13 12:36:41,656 basehttp 12258 132295310694080 "GET /admin/jsi18n/ HTTP/1.1" 200 3342
INFO 2026-07-13 12:36:54,041 basehttp 12258 132295310694080 "GET /admin/banklist/auditlog/ HTTP/1.1" 200 20318
INFO 2026-07-13 12:36:54,061 basehttp 12258 132295310694080 "GET /admin/jsi18n/ HTTP/1.1" 200 3342
INFO 2026-07-13 12:36:55,410 basehttp 12258 132295310694080 "GET /admin/banklist/bank/ HTTP/1.1" 200 49484
INFO 2026-07-13 12:36:55,429 basehttp 12258 132295310694080 "GET /admin/jsi18n/ HTTP/1.1" 200 3342
INFO 2026-07-13 12:36:59,349 basehttp 12258 132295310694080 "GET /admin/banklist/bankaccount/ HTTP/1.1" 200 28590
INFO 2026-07-13 12:36:59,368 basehttp 12258 132295310694080 "GET /admin/jsi18n/ HTTP/1.1" 200 3342
INFO 2026-07-13 12:37:06,056 basehttp 12258 132295310694080 "GET /admin/banklist/bankaccount/6/change/ HTTP/1.1" 200 29656
INFO 2026-07-13 12:37:06,078 basehttp 12258 132295310694080 "GET /admin/jsi18n/ HTTP/1.1" 200 3342
INFO 2026-07-13 12:37:24,133 basehttp 12258 132295310694080 "GET /admin/banklist/bankaccount/6/history/ HTTP/1.1" 200 17145
INFO 2026-07-13 12:37:26,768 basehttp 12258 132295310694080 "GET /admin/banklist/bankaccount/6/change/ HTTP/1.1" 200 29656
INFO 2026-07-13 12:38:46,305 basehttp 12258 132295285515968 "POST /api/banks/create-folder/ HTTP/1.1" 201 689
WARNING 2026-07-13 12:41:27,229 log 12258 132295277123264 Bad Request: /api/banks/upload-file/
WARNING 2026-07-13 12:41:27,229 basehttp 12258 132295277123264 "POST /api/banks/upload-file/ HTTP/1.1" 400 65
INFO 2026-07-13 12:43:07,353 basehttp 12258 132295059044032 "GET /admin/banklist/bankaccount/6/change/ HTTP/1.1" 200 29656
INFO 2026-07-13 12:43:07,373 basehttp 12258 132295059044032 "GET /admin/jsi18n/ HTTP/1.1" 200 3342
INFO 2026-07-13 12:43:09,624 basehttp 12258 132295059044032 "GET /admin/banklist/bankaccount/ HTTP/1.1" 200 29192
INFO 2026-07-13 12:43:09,644 basehttp 12258 132295059044032 "GET /admin/jsi18n/ HTTP/1.1" 200 3342
INFO 2026-07-13 12:43:12,691 basehttp 12258 132295059044032 "GET /admin/banklist/bankaccount/7/change/ HTTP/1.1" 200 29689
INFO 2026-07-13 12:43:12,712 basehttp 12258 132295059044032 "GET /admin/jsi18n/ HTTP/1.1" 200 3342
WARNING 2026-07-13 12:43:29,539 log 12258 132295042258624 Bad Request: /api/banks/upload-file/
WARNING 2026-07-13 12:43:29,540 basehttp 12258 132295042258624 "POST /api/banks/upload-file/ HTTP/1.1" 400 65
WARNING 2026-07-13 12:43:31,073 log 12258 132295042258624 Bad Request: /api/banks/upload-file/
WARNING 2026-07-13 12:43:31,074 basehttp 12258 132295042258624 "POST /api/banks/upload-file/ HTTP/1.1" 400 65
WARNING 2026-07-13 12:46:12,368 log 12258 132295050651328 Bad Request: /api/banks/upload-file/async/
WARNING 2026-07-13 12:46:12,368 basehttp 12258 132295050651328 "POST /api/banks/upload-file/async/ HTTP/1.1" 400 65
WARNING 2026-07-13 12:46:23,531 log 12258 132295050651328 Unsupported Media Type: /api/banks/upload-file/async/
WARNING 2026-07-13 12:46:23,532 basehttp 12258 132295050651328 "POST /api/banks/upload-file/async/ HTTP/1.1" 415 68
WARNING 2026-07-13 12:46:27,514 log 12258 132295050651328 Bad Request: /api/banks/upload-file/async/
WARNING 2026-07-13 12:46:27,514 basehttp 12258 132295050651328 "POST /api/banks/upload-file/async/ HTTP/1.1" 400 65
INFO 2026-07-13 12:46:37,965 basehttp 12258 132295059044032 "GET /admin/banklist/uploadedstatement/ HTTP/1.1" 200 22226
INFO 2026-07-13 12:46:37,986 basehttp 12258 132295059044032 "GET /admin/jsi18n/ HTTP/1.1" 200 3342
INFO 2026-07-13 12:46:43,678 basehttp 12258 132295059044032 "GET /admin/banklist/uploadedstatement/1/change/ HTTP/1.1" 200 24046
INFO 2026-07-13 12:46:43,699 basehttp 12258 132295059044032 "GET /admin/jsi18n/ HTTP/1.1" 200 3342
INFO 2026-07-13 12:46:47,628 basehttp 12258 132295059044032 "GET /admin/banklist/uploadedstatement/ HTTP/1.1" 200 22226
INFO 2026-07-13 12:46:49,008 basehttp 12258 132295059044032 "GET /admin/banklist/uploadedstatement/2/change/ HTTP/1.1" 200 24064
INFO 2026-07-13 12:46:49,031 basehttp 12258 132295059044032 "GET /admin/jsi18n/ HTTP/1.1" 200 3342
INFO 2026-07-13 12:46:57,686 basehttp 12258 132295059044032 "GET /admin/banklist/uploadedstatement/ HTTP/1.1" 200 22226
INFO 2026-07-13 12:47:02,199 basehttp 12258 132295059044032 "GET /admin/banklist/uploadedstatement/add/ HTTP/1.1" 200 23596
INFO 2026-07-13 12:47:02,220 basehttp 12258 132295059044032 "GET /admin/jsi18n/ HTTP/1.1" 200 3342
INFO 2026-07-13 12:47:15,207 basehttp 12258 132295059044032 "GET /admin/banklist/bankaccount/add/?_to_field=id&_popup=1 HTTP/1.1" 200 14364
INFO 2026-07-13 12:47:15,225 basehttp 12258 132295059044032 "GET /admin/jsi18n/ HTTP/1.1" 200 3342
INFO 2026-07-13 12:47:19,545 basehttp 12258 132295059044032 "GET /admin/banklist/bankaccount/7/change/?_to_field=id&_popup=1 HTTP/1.1" 200 14937
INFO 2026-07-13 12:47:19,567 basehttp 12258 132295059044032 "GET /admin/jsi18n/ HTTP/1.1" 200 3342
INFO 2026-07-13 12:47:38,733 basehttp 12258 132295059044032 "POST /admin/banklist/uploadedstatement/add/ HTTP/1.1" 200 23828
INFO 2026-07-13 12:47:38,754 basehttp 12258 132295059044032 "GET /admin/jsi18n/ HTTP/1.1" 200 3342
INFO 2026-07-13 12:47:41,196 basehttp 12258 132295059044032 "GET /admin/banklist/bankaccount/add/?_to_field=id&_popup=1 HTTP/1.1" 200 14364
INFO 2026-07-13 12:47:41,215 basehttp 12258 132295059044032 "GET /admin/jsi18n/ HTTP/1.1" 200 3342
INFO 2026-07-13 12:47:46,774 basehttp 12258 132295059044032 "GET /admin/banklist/uploadedstatement/ HTTP/1.1" 200 22226
INFO 2026-07-13 12:47:46,795 basehttp 12258 132295059044032 "GET /admin/jsi18n/ HTTP/1.1" 200 3342
INFO 2026-07-13 12:47:52,281 basehttp 12258 132295059044032 "GET /admin/banklist/uploadedstatement/add/ HTTP/1.1" 200 23596
INFO 2026-07-13 12:47:52,300 basehttp 12258 132295059044032 "GET /admin/jsi18n/ HTTP/1.1" 200 3342
INFO 2026-07-13 12:47:55,485 basehttp 12258 132295059044032 "GET /admin/banklist/auditlog/ HTTP/1.1" 200 20318
INFO 2026-07-13 12:47:55,505 basehttp 12258 132295059044032 "GET /admin/jsi18n/ HTTP/1.1" 200 3342
INFO 2026-07-13 12:47:56,122 basehttp 12258 132295059044032 "GET /admin/banklist/bankaccount/ HTTP/1.1" 200 29192
INFO 2026-07-13 12:47:56,141 basehttp 12258 132295059044032 "GET /admin/jsi18n/ HTTP/1.1" 200 3342
INFO 2026-07-13 12:47:58,202 basehttp 12258 132295059044032 "GET /admin/banklist/bankaccount/7/change/ HTTP/1.1" 200 29689
INFO 2026-07-13 12:47:58,222 basehttp 12258 132295059044032 "GET /admin/jsi18n/ HTTP/1.1" 200 3342
INFO 2026-07-13 12:49:30,828 basehttp 12258 132295033865920 "OPTIONS /api/bank-accounts/ HTTP/1.1" 200 0
INFO 2026-07-13 12:49:30,828 basehttp 12258 132295310694080 "OPTIONS /api/bank-accounts/ HTTP/1.1" 200 0
WARNING 2026-07-13 12:49:30,831 log 12258 132295033865920 Unauthorized: /api/bank-accounts/
WARNING 2026-07-13 12:49:30,832 basehttp 12258 132295033865920 "GET /api/bank-accounts/ HTTP/1.1" 401 172
WARNING 2026-07-13 12:49:30,874 log 12258 132295310694080 Unauthorized: /api/bank-accounts/
WARNING 2026-07-13 12:49:30,875 basehttp 12258 132295310694080 "GET /api/bank-accounts/ HTTP/1.1" 401 172
INFO 2026-07-13 12:49:34,088 basehttp 12258 132295310694080 "OPTIONS /api/auth/logout/ HTTP/1.1" 200 0
WARNING 2026-07-13 12:49:34,092 log 12258 132295310694080 Unauthorized: /api/auth/logout/
WARNING 2026-07-13 12:49:34,092 basehttp 12258 132295310694080 "POST /api/auth/logout/ HTTP/1.1" 401 172
INFO 2026-07-13 12:49:51,385 basehttp 12258 132295310694080 "OPTIONS /api/auth/login/ HTTP/1.1" 200 0
INFO 2026-07-13 12:49:51,535 basehttp 12258 132295310694080 "POST /api/auth/login/ HTTP/1.1" 200 626
INFO 2026-07-13 12:49:51,580 basehttp 12258 132295310694080 "OPTIONS /api/banks/init-company-folder/ HTTP/1.1" 200 0
INFO 2026-07-13 12:49:54,356 basehttp 12258 132295310694080 "POST /api/banks/init-company-folder/ HTTP/1.1" 200 363
INFO 2026-07-13 12:49:54,432 basehttp 12258 132295310694080 "GET /api/bank-accounts/ HTTP/1.1" 200 985
INFO 2026-07-13 12:49:54,488 basehttp 12258 132295310694080 "GET /api/bank-accounts/ HTTP/1.1" 200 985
INFO 2026-07-13 12:50:17,533 basehttp 12258 132295310694080 "OPTIONS /api/banks/upload-file/async/ HTTP/1.1" 200 0
INFO 2026-07-13 12:50:17,572 basehttp 12258 132295310694080 "POST /api/banks/upload-file/async/ HTTP/1.1" 202 167
INFO 2026-07-13 12:50:17,617 basehttp 12258 132295310694080 "OPTIONS /api/tasks/2b5a0cd6-7cdc-4b0c-9e8e-d5ad2572df75/status/ HTTP/1.1" 200 0
INFO 2026-07-13 12:50:17,673 basehttp 12258 132295310694080 "GET /api/tasks/2b5a0cd6-7cdc-4b0c-9e8e-d5ad2572df75/status/ HTTP/1.1" 200 115
INFO 2026-07-13 12:50:19,233 basehttp 12258 132295310694080 "GET /api/tasks/2b5a0cd6-7cdc-4b0c-9e8e-d5ad2572df75/status/ HTTP/1.1" 200 115
INFO 2026-07-13 12:50:20,751 basehttp 12258 132295310694080 "GET /api/tasks/2b5a0cd6-7cdc-4b0c-9e8e-d5ad2572df75/status/ HTTP/1.1" 200 115
INFO 2026-07-13 12:50:22,267 basehttp 12258 132295310694080 "GET /api/tasks/2b5a0cd6-7cdc-4b0c-9e8e-d5ad2572df75/status/ HTTP/1.1" 200 294
INFO 2026-07-13 12:50:35,692 basehttp 12258 132295059044032 "GET /admin/banklist/uploadedstatement/ HTTP/1.1" 200 22226
INFO 2026-07-13 12:50:35,713 basehttp 12258 132295059044032 "GET /admin/jsi18n/ HTTP/1.1" 200 3342
INFO 2026-07-13 12:50:37,393 basehttp 12258 132295059044032 "GET /admin/banklist/uploadedstatement/ HTTP/1.1" 200 22226
INFO 2026-07-13 12:50:37,413 basehttp 12258 132295059044032 "GET /admin/jsi18n/ HTTP/1.1" 200 3342
INFO 2026-07-13 12:50:51,027 basehttp 12258 132295059044032 "GET /admin/banklist/uploadedstatement/ HTTP/1.1" 200 22226
INFO 2026-07-13 12:50:51,048 basehttp 12258 132295059044032 "GET /admin/jsi18n/ HTTP/1.1" 200 3342
INFO 2026-07-13 12:50:51,795 basehttp 12258 132295059044032 "GET /admin/banklist/uploadedstatement/ HTTP/1.1" 200 22226
INFO 2026-07-13 12:50:51,814 basehttp 12258 132295059044032 "GET /admin/jsi18n/ HTTP/1.1" 200 3342
INFO 2026-07-13 12:50:51,954 basehttp 12258 132295059044032 "GET /admin/banklist/uploadedstatement/ HTTP/1.1" 200 22226
INFO 2026-07-13 12:50:51,974 basehttp 12258 132295059044032 "GET /admin/jsi18n/ HTTP/1.1" 200 3342
INFO 2026-07-13 12:50:52,147 basehttp 12258 132295059044032 "GET /admin/banklist/uploadedstatement/ HTTP/1.1" 200 22226
INFO 2026-07-13 12:50:52,167 basehttp 12258 132295059044032 "GET /admin/jsi18n/ HTTP/1.1" 200 3342
INFO 2026-07-13 12:50:52,307 basehttp 12258 132295059044032 "GET /admin/banklist/uploadedstatement/ HTTP/1.1" 200 22226
INFO 2026-07-13 12:50:52,326 basehttp 12258 132295059044032 "GET /admin/jsi18n/ HTTP/1.1" 200 3342
INFO 2026-07-13 12:50:52,482 basehttp 12258 132295059044032 "GET /admin/banklist/uploadedstatement/ HTTP/1.1" 200 22226
INFO 2026-07-13 12:50:52,501 basehttp 12258 132295059044032 "GET /admin/jsi18n/ HTTP/1.1" 200 3342
INFO 2026-07-13 12:50:57,550 basehttp 12258 132295059044032 "GET /admin/banklist/user/ HTTP/1.1" 200 24816
INFO 2026-07-13 12:50:57,570 basehttp 12258 132295059044032 "GET /admin/jsi18n/ HTTP/1.1" 200 3342
INFO 2026-07-13 12:50:58,226 basehttp 12258 132295059044032 "GET /admin/banklist/uploadedstatement/ HTTP/1.1" 200 22226
INFO 2026-07-13 12:50:58,246 basehttp 12258 132295059044032 "GET /admin/jsi18n/ HTTP/1.1" 200 3342
INFO 2026-07-13 12:50:58,988 basehttp 12258 132295059044032 "GET /admin/banklist/uploadedstatement/ HTTP/1.1" 200 22226
INFO 2026-07-13 12:50:59,007 basehttp 12258 132295059044032 "GET /admin/jsi18n/ HTTP/1.1" 200 3342
INFO 2026-07-13 12:51:03,525 basehttp 12258 132295059044032 "GET /admin/banklist/transaction/ HTTP/1.1" 200 50858
INFO 2026-07-13 12:51:03,545 basehttp 12258 132295059044032 "GET /admin/jsi18n/ HTTP/1.1" 200 3342
INFO 2026-07-13 12:51:04,669 basehttp 12258 132295059044032 "GET /admin/banklist/uploadedstatement/ HTTP/1.1" 200 22226
INFO 2026-07-13 12:51:04,689 basehttp 12258 132295059044032 "GET /admin/jsi18n/ HTTP/1.1" 200 3342
INFO 2026-07-13 12:52:48,002 basehttp 12258 132295059044032 "GET /admin/banklist/user/ HTTP/1.1" 200 24816
INFO 2026-07-13 12:52:48,022 basehttp 12258 132295059044032 "GET /admin/jsi18n/ HTTP/1.1" 200 3342
INFO 2026-07-13 12:52:48,833 basehttp 12258 132295059044032 "GET /admin/banklist/uploadedstatement/ HTTP/1.1" 200 22226
INFO 2026-07-13 12:52:48,852 basehttp 12258 132295059044032 "GET /admin/jsi18n/ HTTP/1.1" 200 3342
INFO 2026-07-13 12:53:06,713 basehttp 12258 132295059044032 "GET /admin/banklist/transaction/ HTTP/1.1" 200 50858
INFO 2026-07-13 12:53:06,735 basehttp 12258 132295059044032 "GET /admin/jsi18n/ HTTP/1.1" 200 3342
WARNING 2026-07-13 12:53:33,755 log 12258 132295327479488 Method Not Allowed: /api/reconciliation/parse-statement/
WARNING 2026-07-13 12:53:33,755 basehttp 12258 132295327479488 "GET /api/reconciliation/parse-statement/ HTTP/1.1" 405 40
WARNING 2026-07-13 12:53:37,006 log 12258 132295327479488 Bad Request: /api/reconciliation/parse-statement/
WARNING 2026-07-13 12:53:37,007 basehttp 12258 132295327479488 "POST /api/reconciliation/parse-statement/ HTTP/1.1" 400 49
WARNING 2026-07-13 12:53:38,273 log 12258 132295327479488 Bad Request: /api/reconciliation/parse-statement/
WARNING 2026-07-13 12:53:38,273 basehttp 12258 132295327479488 "POST /api/reconciliation/parse-statement/ HTTP/1.1" 400 49
INFO 2026-07-13 12:54:01,561 basehttp 12258 132295059044032 "GET /admin/banklist/transaction/ HTTP/1.1" 200 50858
INFO 2026-07-13 12:54:01,583 basehttp 12258 132295059044032 "GET /admin/jsi18n/ HTTP/1.1" 200 3342
INFO 2026-07-13 12:54:03,204 basehttp 12258 132295059044032 "GET /admin/banklist/uploadedstatement/ HTTP/1.1" 200 22226
INFO 2026-07-13 12:54:03,225 basehttp 12258 132295059044032 "GET /admin/jsi18n/ HTTP/1.1" 200 3342
INFO 2026-07-13 12:54:09,610 basehttp 12258 132295059044032 "POST /admin/banklist/uploadedstatement/ HTTP/1.1" 302 0
INFO 2026-07-13 12:54:09,634 basehttp 12258 132295059044032 "GET /admin/banklist/uploadedstatement/ HTTP/1.1" 200 22419
INFO 2026-07-13 12:54:09,695 basehttp 12258 132295059044032 "GET /admin/jsi18n/ HTTP/1.1" 200 3342
INFO 2026-07-13 12:54:09,748 basehttp 12258 132295059044032 "GET /static/admin/img/icon-alert.svg HTTP/1.1" 200 504
INFO 2026-07-13 12:55:35,167 basehttp 12258 132295059044032 "GET /admin/banklist/user/ HTTP/1.1" 200 24816
INFO 2026-07-13 12:55:35,189 basehttp 12258 132295059044032 "GET /admin/jsi18n/ HTTP/1.1" 200 3342
INFO 2026-07-13 12:55:40,819 basehttp 12258 132295059044032 "GET /admin/banklist/transaction/ HTTP/1.1" 200 50858
INFO 2026-07-13 12:55:40,839 basehttp 12258 132295059044032 "GET /admin/jsi18n/ HTTP/1.1" 200 3342
INFO 2026-07-13 12:55:47,868 basehttp 12258 132295059044032 "GET /admin/banklist/receiptdocument/ HTTP/1.1" 200 22153
INFO 2026-07-13 12:55:47,889 basehttp 12258 132295059044032 "GET /admin/jsi18n/ HTTP/1.1" 200 3342
INFO 2026-07-13 12:55:53,357 basehttp 12258 132295059044032 "GET /admin/banklist/bank/ HTTP/1.1" 200 49484
INFO 2026-07-13 12:55:53,377 basehttp 12258 132295059044032 "GET /admin/jsi18n/ HTTP/1.1" 200 3342
INFO 2026-07-13 12:55:54,859 basehttp 12258 132295059044032 "GET /admin/banklist/company/ HTTP/1.1" 200 20825
INFO 2026-07-13 12:55:54,878 basehttp 12258 132295059044032 "GET /admin/jsi18n/ HTTP/1.1" 200 3342
INFO 2026-07-13 12:55:56,817 basehttp 12258 132295059044032 "GET /admin/banklist/company/4/change/ HTTP/1.1" 200 19036
INFO 2026-07-13 12:55:56,838 basehttp 12258 132295059044032 "GET /admin/jsi18n/ HTTP/1.1" 200 3342
INFO 2026-07-13 12:55:59,779 basehttp 12258 132295059044032 "GET /admin/banklist/reconciliationrun/ HTTP/1.1" 200 19221
INFO 2026-07-13 12:55:59,798 basehttp 12258 132295059044032 "GET /admin/jsi18n/ HTTP/1.1" 200 3342
INFO 2026-07-13 12:56:00,420 basehttp 12258 132295059044032 "GET /admin/banklist/reconciliationrule/ HTTP/1.1" 200 19236
INFO 2026-07-13 12:56:00,440 basehttp 12258 132295059044032 "GET /admin/jsi18n/ HTTP/1.1" 200 3342
INFO 2026-07-13 12:56:01,597 basehttp 12258 132295059044032 "GET /admin/banklist/receiptdocument/ HTTP/1.1" 200 22153
INFO 2026-07-13 12:56:01,616 basehttp 12258 132295059044032 "GET /admin/jsi18n/ HTTP/1.1" 200 3342
INFO 2026-07-13 12:56:02,566 basehttp 12258 132295059044032 "GET /admin/banklist/transaction/ HTTP/1.1" 200 50858
INFO 2026-07-13 12:56:02,585 basehttp 12258 132295059044032 "GET /admin/jsi18n/ HTTP/1.1" 200 3342
INFO 2026-07-13 12:58:53,564 basehttp 12258 132295310694080 "OPTIONS /api/receipts/upload/ HTTP/1.1" 200 0
INFO 2026-07-13 12:58:59,217 basehttp 12258 132295310694080 "POST /api/receipts/upload/ HTTP/1.1" 202 206
INFO 2026-07-13 12:58:59,229 tasks 12064 129043645694464 Processing receipt 2: My Account _ Billing.pdf
INFO 2026-07-13 12:59:12,018 basehttp 12258 132295059044032 "GET /admin/banklist/receiptdocument/ HTTP/1.1" 200 22734
INFO 2026-07-13 12:59:12,042 basehttp 12258 132295059044032 "GET /admin/jsi18n/ HTTP/1.1" 200 3342
INFO 2026-07-13 12:59:15,580 tasks 12064 129043645694464 Receipt 2: ₹1896.00
INFO 2026-07-13 12:59:37,952 basehttp 12258 132295059044032 "GET /admin/banklist/receiptdocument/2/change/ HTTP/1.1" 200 27327
INFO 2026-07-13 12:59:37,976 basehttp 12258 132295059044032 "GET /admin/jsi18n/ HTTP/1.1" 200 3342
INFO 2026-07-13 12:59:46,331 basehttp 12258 132295059044032 "GET /admin/banklist/receiptdocument/ HTTP/1.1" 200 22751
INFO 2026-07-13 13:00:00,003 tasks 12064 129043645694464 Checking for failed tasks...
INFO 2026-07-13 13:00:14,559 basehttp 12258 132295059044032 "GET /admin/banklist/receiptdocument/1/change/ HTTP/1.1" 200 27350
INFO 2026-07-13 13:00:14,582 basehttp 12258 132295059044032 "GET /admin/jsi18n/ HTTP/1.1" 200 3342
INFO 2026-07-13 13:01:07,542 basehttp 12258 132295059044032 "GET /admin/banklist/receiptdocument/ HTTP/1.1" 200 22751
INFO 2026-07-13 13:01:07,563 basehttp 12258 132295059044032 "GET /admin/jsi18n/ HTTP/1.1" 200 3342
INFO 2026-07-13 13:01:07,818 basehttp 12258 132295310694080 "POST /api/receipts/upload/ HTTP/1.1" 202 206
INFO 2026-07-13 13:01:07,827 tasks 12064 129043645694464 Processing receipt 3: Om mahima sales.pdf
INFO 2026-07-13 13:01:12,885 tasks 12064 129043645694464 Receipt 3: ₹39172390.00
INFO 2026-07-13 13:01:15,774 basehttp 12258 132295059044032 "GET /admin/banklist/receiptdocument/ HTTP/1.1" 200 23333
INFO 2026-07-13 13:01:15,795 basehttp 12258 132295059044032 "GET /admin/jsi18n/ HTTP/1.1" 200 3342
INFO 2026-07-13 13:01:49,970 basehttp 12258 132295059044032 "GET /admin/banklist/receiptdocument/3/change/ HTTP/1.1" 200 27284
INFO 2026-07-13 13:01:49,992 basehttp 12258 132295059044032 "GET /admin/jsi18n/ HTTP/1.1" 200 3342
INFO 2026-07-13 13:02:04,805 basehttp 12258 132295059044032 "POST /admin/banklist/receiptdocument/3/change/ HTTP/1.1" 302 0
INFO 2026-07-13 13:02:04,828 basehttp 12258 132295059044032 "GET /admin/banklist/receiptdocument/ HTTP/1.1" 200 23571
INFO 2026-07-13 13:02:04,891 basehttp 12258 132295059044032 "GET /admin/jsi18n/ HTTP/1.1" 200 3342
INFO 2026-07-13 13:07:08,927 basehttp 12258 132295310694080 "GET /admin/banklist/reconciliationrule/ HTTP/1.1" 200 19236
INFO 2026-07-13 13:07:08,948 basehttp 12258 132295310694080 "GET /admin/jsi18n/ HTTP/1.1" 200 3342
INFO 2026-07-13 13:07:09,689 basehttp 12258 132295310694080 "GET /admin/banklist/company/ HTTP/1.1" 200 20825
INFO 2026-07-13 13:07:09,708 basehttp 12258 132295310694080 "GET /admin/jsi18n/ HTTP/1.1" 200 3342
INFO 2026-07-13 13:07:10,145 basehttp 12258 132295310694080 "GET /admin/banklist/bank/ HTTP/1.1" 200 49484
INFO 2026-07-13 13:07:10,164 basehttp 12258 132295310694080 "GET /admin/jsi18n/ HTTP/1.1" 200 3342
INFO 2026-07-13 13:07:10,588 basehttp 12258 132295310694080 "GET /admin/banklist/bankaccount/ HTTP/1.1" 200 29192
INFO 2026-07-13 13:07:10,607 basehttp 12258 132295310694080 "GET /admin/jsi18n/ HTTP/1.1" 200 3342
INFO 2026-07-13 14:00:00,003 tasks 12064 129043645694464 Checking for failed tasks...
INFO 2026-07-13 14:20:02,144 basehttp 12258 132295319086784 "OPTIONS /api/banks/ HTTP/1.1" 200 0
INFO 2026-07-13 14:20:02,144 basehttp 12258 132295033865920 "OPTIONS /api/banks/ HTTP/1.1" 200 0
WARNING 2026-07-13 14:20:02,150 log 12258 132295319086784 Not Found: /api/banks/
WARNING 2026-07-13 14:20:02,150 basehttp 12258 132295319086784 "GET /api/banks/ HTTP/1.1" 404 10155
WARNING 2026-07-13 14:20:02,196 log 12258 132295033865920 Not Found: /api/banks/
WARNING 2026-07-13 14:20:02,196 basehttp 12258 132295033865920 "GET /api/banks/ HTTP/1.1" 404 10155
INFO 2026-07-13 14:20:02,642 basehttp 12258 132295033865920 "OPTIONS /api/banks/search/?search= HTTP/1.1" 200 0
INFO 2026-07-13 14:20:02,658 basehttp 12258 132295033865920 "GET /api/banks/search/?search= HTTP/1.1" 200 3932
INFO 2026-07-13 14:20:04,144 basehttp 12258 132295033865920 "GET /api/bank-accounts/ HTTP/1.1" 200 985
INFO 2026-07-13 14:20:04,160 basehttp 12258 132295033865920 "GET /api/bank-accounts/ HTTP/1.1" 200 985
INFO 2026-07-13 14:44:21,406 basehttp 12258 132295033865920 "GET /api/bank-accounts/ HTTP/1.1" 200 985
INFO 2026-07-13 14:44:21,423 basehttp 12258 132295033865920 "GET /api/bank-accounts/ HTTP/1.1" 200 985
WARNING 2026-07-13 14:45:34,089 log 12258 132295033865920 Not Found: /api/banks/
WARNING 2026-07-13 14:45:34,090 basehttp 12258 132295033865920 "GET /api/banks/ HTTP/1.1" 404 10155
WARNING 2026-07-13 14:45:34,096 log 12258 132295033865920 Not Found: /api/banks/
WARNING 2026-07-13 14:45:34,097 basehttp 12258 132295033865920 "GET /api/banks/ HTTP/1.1" 404 10155
INFO 2026-07-13 14:45:34,599 basehttp 12258 132295033865920 "GET /api/banks/search/?search= HTTP/1.1" 200 3932
WARNING 2026-07-13 14:45:46,355 log 12258 132295033865920 Not Found: /api/banks/
WARNING 2026-07-13 14:45:46,355 basehttp 12258 132295033865920 "GET /api/banks/ HTTP/1.1" 404 10155
WARNING 2026-07-13 14:45:46,362 log 12258 132295033865920 Not Found: /api/banks/
WARNING 2026-07-13 14:45:46,362 basehttp 12258 132295033865920 "GET /api/banks/ HTTP/1.1" 404 10155
INFO 2026-07-13 14:45:46,696 basehttp 12258 132295033865920 "GET /api/bank-accounts/ HTTP/1.1" 200 985
INFO 2026-07-13 14:45:46,714 basehttp 12258 132295033865920 "GET /api/bank-accounts/ HTTP/1.1" 200 985
INFO 2026-07-13 14:57:01,562 basehttp 12258 132295319086784 "OPTIONS /api/bank-accounts/ HTTP/1.1" 200 0
INFO 2026-07-13 14:57:01,563 basehttp 12258 132295033865920 "OPTIONS /api/bank-accounts/ HTTP/1.1" 200 0
INFO 2026-07-13 14:57:01,584 basehttp 12258 132295319086784 "GET /api/bank-accounts/ HTTP/1.1" 200 985
INFO 2026-07-13 14:57:01,642 basehttp 12258 132295319086784 "GET /api/bank-accounts/ HTTP/1.1" 200 985
INFO 2026-07-13 15:00:00,002 tasks 12064 129043645694464 Checking for failed tasks...
INFO 2026-07-13 16:00:00,003 tasks 12064 129043645694464 Checking for failed tasks...
INFO 2026-07-13 17:00:00,004 tasks 12064 129043645694464 Checking for failed tasks...
INFO 2026-07-13 18:00:00,003 tasks 12064 129043645694464 Checking for failed tasks...
INFO 2026-07-14 12:42:43,243 autoreload 17817 129804028129792 Watching for file changes with StatReloader
INFO 2026-07-14 12:43:56,355 basehttp 17817 129803235182272 "OPTIONS /api/bank-accounts/ HTTP/1.1" 200 0
INFO 2026-07-14 12:43:56,356 basehttp 17817 129803243574976 "OPTIONS /api/bank-accounts/ HTTP/1.1" 200 0
WARNING 2026-07-14 12:43:56,372 log 17817 129803235182272 Unauthorized: /api/bank-accounts/
WARNING 2026-07-14 12:43:56,372 basehttp 17817 129803235182272 "GET /api/bank-accounts/ HTTP/1.1" 401 172
WARNING 2026-07-14 12:43:56,417 log 17817 129803243574976 Unauthorized: /api/bank-accounts/
WARNING 2026-07-14 12:43:56,418 basehttp 17817 129803243574976 "GET /api/bank-accounts/ HTTP/1.1" 401 172
INFO 2026-07-14 12:44:04,197 basehttp 17817 129803243574976 "OPTIONS /api/auth/logout/ HTTP/1.1" 200 0
WARNING 2026-07-14 12:44:04,200 log 17817 129803243574976 Unauthorized: /api/auth/logout/
WARNING 2026-07-14 12:44:04,200 basehttp 17817 129803243574976 "POST /api/auth/logout/ HTTP/1.1" 401 172
INFO 2026-07-14 12:44:06,094 basehttp 17817 129803243574976 "OPTIONS /api/auth/login/ HTTP/1.1" 200 0
INFO 2026-07-14 12:44:06,273 basehttp 17817 129803243574976 "POST /api/auth/login/ HTTP/1.1" 200 641
INFO 2026-07-14 12:44:06,323 basehttp 17817 129803243574976 "OPTIONS /api/banks/init-company-folder/ HTTP/1.1" 200 0
INFO 2026-07-14 12:44:10,423 basehttp 17817 129803243574976 "POST /api/banks/init-company-folder/ HTTP/1.1" 200 359
INFO 2026-07-14 12:44:10,554 basehttp 17817 129803243574976 "GET /api/bank-accounts/ HTTP/1.1" 200 905
INFO 2026-07-14 12:44:10,569 basehttp 17817 129803243574976 "GET /api/bank-accounts/ HTTP/1.1" 200 905
INFO 2026-07-14 12:44:19,680 basehttp 17817 129803243574976 "OPTIONS /api/banks/ HTTP/1.1" 200 0
INFO 2026-07-14 12:44:19,691 basehttp 17817 129803235182272 "OPTIONS /api/banks/ HTTP/1.1" 200 0
WARNING 2026-07-14 12:44:19,709 log 17817 129803235182272 Not Found: /api/banks/
WARNING 2026-07-14 12:44:19,709 basehttp 17817 129803235182272 "GET /api/banks/ HTTP/1.1" 404 10155
WARNING 2026-07-14 12:44:19,717 log 17817 129803243574976 Not Found: /api/banks/
WARNING 2026-07-14 12:44:19,717 basehttp 17817 129803243574976 "GET /api/banks/ HTTP/1.1" 404 10155
INFO 2026-07-14 12:44:20,181 basehttp 17817 129803243574976 "OPTIONS /api/banks/search/?search= HTTP/1.1" 200 0
INFO 2026-07-14 12:44:20,236 basehttp 17817 129803243574976 "GET /api/banks/search/?search= HTTP/1.1" 200 3932
INFO 2026-07-14 12:44:27,099 basehttp 17817 129803243574976 "GET /api/bank-accounts/ HTTP/1.1" 200 905
INFO 2026-07-14 12:44:27,159 basehttp 17817 129803243574976 "GET /api/bank-accounts/ HTTP/1.1" 200 905
INFO 2026-07-14 12:46:34,234 basehttp 17817 129803243574976 "GET /api/bank-accounts/ HTTP/1.1" 200 905
INFO 2026-07-14 12:46:34,249 basehttp 17817 129803243574976 "GET /api/bank-accounts/ HTTP/1.1" 200 905
WARNING 2026-07-14 12:47:27,771 log 17817 129803243574976 Not Found: /api/banks/
WARNING 2026-07-14 12:47:27,772 basehttp 17817 129803243574976 "GET /api/banks/ HTTP/1.1" 404 10155
WARNING 2026-07-14 12:47:27,781 log 17817 129803235182272 Not Found: /api/banks/
WARNING 2026-07-14 12:47:27,782 basehttp 17817 129803235182272 "GET /api/banks/ HTTP/1.1" 404 10155
INFO 2026-07-14 12:47:28,276 basehttp 17817 129803235182272 "GET /api/bank-accounts/ HTTP/1.1" 200 905
INFO 2026-07-14 12:47:28,293 basehttp 17817 129803235182272 "GET /api/bank-accounts/ HTTP/1.1" 200 905
INFO 2026-07-14 12:47:48,253 basehttp 17817 129803235182272 "GET /api/bank-accounts/ HTTP/1.1" 200 905
INFO 2026-07-14 12:47:48,268 basehttp 17817 129803235182272 "GET /api/bank-accounts/ HTTP/1.1" 200 905
INFO 2026-07-14 12:48:03,529 basehttp 17817 129803235182272 "GET /api/bank-accounts/ HTTP/1.1" 200 905
INFO 2026-07-14 12:48:03,544 basehttp 17817 129803235182272 "GET /api/bank-accounts/ HTTP/1.1" 200 905
INFO 2026-07-14 12:48:12,905 basehttp 17817 129803235182272 "GET /api/bank-accounts/ HTTP/1.1" 200 905
INFO 2026-07-14 12:48:27,505 basehttp 17817 129803235182272 "GET /api/bank-accounts/ HTTP/1.1" 200 905
INFO 2026-07-14 12:48:27,519 basehttp 17817 129803235182272 "GET /api/bank-accounts/ HTTP/1.1" 200 905
INFO 2026-07-14 17:40:55,620 autoreload 17817 129804028129792 /home/jiteshai-web/AccountsDashboard_backend/accounts/banklist/models.py changed, reloading.
INFO 2026-07-14 17:40:56,226 autoreload 25747 125238892249600 Watching for file changes with StatReloader
INFO 2026-07-14 17:45:53,465 autoreload 25747 125238892249600 /home/jiteshai-web/AccountsDashboard_backend/accounts/accounts/settings.py changed, reloading.
INFO 2026-07-14 17:45:54,124 autoreload 26525 126087202841088 Watching for file changes with StatReloader
